Workbook

Sheet GERAL
A1: DATA | B1: OPERAÇÃO | C1: SSS (R$) | D1: SSO (UN) | E1: ADT (MIN) | F1: EXTREMO (UN) | G1: ENTREGAS/MOTOBOY | H1: CMV | I1: LOCALIZAÇÃO
A2: 45257 | B2: CAMPO BELO | D2: 32 | E2: 20,9 | I2: Sao Paulo
A3: 45257 | B3: JABAQUARA | C3: 3673.26 | D3: 49 | E3: 24,9 | I3: Sao Paulo
A4: 45257 | B4: JARDIM CAMBURI | C4: 1970.56 | D4: 25 | E4: 28,7 | I4: Espirito Santo
A5: 45257 | B5: PRAIA DO CANTO | C5: 2142.4 | D5: 30 | E5: 30,3 | I5: Espirito Santo
A6: 45257 | B6: SERRA | C6: 2591.52 | D6: 32 | E6: 31,8 | I6: Espirito Santo
A7: 45257 | B7: VILA CLEMENTINO | C7: 4245.18 | D7: 48 | E7: 22 | I7: Sao Paulo
A8: 45258 | B8: CAMPO BELO | D8: 59 | E8: 26,8 | I8: Sao Paulo
A9: 45258 | B9: JABAQUARA | C9: 3606.78 | D9: 43 | E9: 23,6 | I9: Sao Paulo
A10: 45258 | B10: JARDIM CAMBURI | C10: 3003.15 | D10: 38 | E10: 24,8 | I10: Espirito Santo
A11: 45258 | B11: PRAIA DO CANTO | C11: 2907.1 | D11: 30 | E11: 28,4 | I11: Espirito Santo
A12: 45258 | B12: SERRA | C12: 3504.1 | D12: 38 | E12: 22,5 | I12: Espirito Santo
A13: 45258 | B13: VILA CLEMENTINO | C13: 6902.63 | D13: 75 | E13: 23,7 | I13: Sao Paulo
A14: 45259 | B14: CAMPO BELO | C14: 3713.54 | D14: 48 | E14: 22,5 | I14: Sao Paulo
A15: 45259 | B15: JABAQUARA | C15: 4049.47 | D15: 51 | E15: 22,9 | I15: Sao Paulo
A16: 45259 | B16: JARDIM CAMBURI | C16: 3021.96 | D16: 39 | E16: 37,9 | I16: Espirito Santo
A17: 45259 | B17: PRAIA DO CANTO | C17: 4638.78 | D17: 50 | E17: 48,4 | I17: Espirito Santo
A18: 45259 | B18: SERRA | C18: 2123.03 | D18: 25 | E18: 25,2 | I18: Espirito Santo
A19: 45259 | B19: VILA CLEMENTINO | C19: 4272.19 | D19: 51 | E19: 23,4 | I19: Sao Paulo
A20: 45260 | B20: CAMPO BELO | C20: 7013.71 | D20: 74 | E20: 29,4 | I20: Sao Paulo
... A25: 45260 | B25: VILA CLEMENTINO | C25: 5238.82 | D25: 63 | E25: 22,4 | I25: Sao Paulo
A26: 45261 | B26: VILA CLEMENTINO | C26: 8661.82 | D26: 103 | E26: 22,7 | H26: 0.265 | I26: Sao Paulo
A27: 45261 | B27: CAMPO BELO | C27: 8561.52 | D27: 100 | E27: 25,3 | H27: 0.277 | I27: Sao Paulo
A28: 45261 | B28: JABAQUARA | C28: 5745.61 | D28: 71 | E28: 24,3 | H28: 0.3 | I28: Sao Paulo
A29: 45261 | B29: VILA GOPOUVA | C29: 5395.68 | D29: 63 | E29: 21,9 | H29: 0.317 | I29: Sao Paulo
A30: 45261 | B30: PARQUE MANDAQUI | C30: 6264.32 | D30: 66 | E30: 24,2 | H30: 0.333 | I30: Sao Paulo
A31: 45261 | B31: JARDIM CAMBURI | C31: 6240.71 | D31: 74 | E31: 33,8 | I31: Espirito Santo
A32: 45261 | B32: PRAIA DO CANTO | C32: 7998.97 | D32: 84 | E32: 30,4 | I32: Espirito Santo
A33: 45261 | B33: SERRA | C33: 5385.33 | D33: 57 | E33: 27,1 | I33: Espirito Santo
A34: 45262 | B34: VILA GOPOUVA | C34: 5850.22 | D34: 62 | E34: 20,3 | H34: 0.263 | I34: Sao Paulo
A35: 45262 | B35: CAMPO BELO | C35: 9764 | D35: 115 | E35: 21,7 | H35: 0.274 | I35: Sao Paulo
A36: 45262 | B36: PARQUE MANDAQUI | C36: 6999.99 | D36: 73 | E36: 29,3 | H36: 0.284 | I36: Sao Paulo
A37: 45262 | B37: VILA CLEMENTINO | C37: 12575.1 | D37: 100 | E37: 23,9 | H37: 0.295 | I37: Sao Paulo
A38: 45262 | B38: JABAQUARA | C38: 7571.15 | D38: 83 | E38: 23,4 | H38: 0.305 | I38: Sao Paulo
A39: 45262 | B39: JARDIM CAMBURI | C39: 7001.66 | D39: 82 | E39: 31,7 | I39: Espirito Santo
A40: 45262 | B40: PRAIA DO CANTO | C40: 7072.81 | D40: 81 | E40: 28,9 | I40: Espirito Santo
A41: 45262 | B41: SERRA | C41: 7547.24 | D41: 86 | E41: 31,2 | I41: Espirito Santo
A42: 45263 | B42: CAMPO BELO | C42: 6909.23 | D42: 87 | E42: 20,5 | H42: 0.269 | I42: Sao Paulo
A43: 45263 | B43: VILA CLEMENTINO | C43: 9523.89 | D43: 111 | E43: 24 | H43: 0.273 | I43: Sao Paulo
A44: 45263 | B44: PARQUE MANDAQUI | C44: 6643.32 | D44: 78 | E44: 28 | H44: 0.305 | I44: Sao Paulo
A45: 45263 | B45: VILA GOPOUVA | C45: 3761.69 | D45: 51 | E45: 21 | H45: 0.31 | I45: Sao Paulo
A46: 45263 | B46: JABAQUARA | C46: 6970.96 | D46: 81 | E46: 35,9 | H46: 0.329 | I46: Sao Paulo
A47: 45263 | B47: JARDIM CAMBURI | C47: 8694.4 | D47: 104 | E47: 40,5 | I47: Espirito Santo
A48: 45263 | B48: PRAIA DO CANTO | C48: 11986.17 | D48: 137 | E48: 30 | I48: Espirito Santo
A49: 45263 | B49: SERRA | C49: 8454.1 | D49: 100 | E49: 43,2 | I49: Espirito Santo
A50: 45264 | B50: JABAQUARA | C50: 3011.75 | D50: 37 | E50: 23,3 | H50: 0.236 | I50: Sao Paulo
A51: 45264 | B51: VILA CLEMENTINO | C51: 3023.4 | D51: 38 | E51: 27,1 | H51: 0.27 | I51: Sao Paulo
A52: 45264 | B52: CAMPO BELO | C52: 2001.76 | D52: 26 | E52: 21 | H52: 0.291 | I52: Sao Paulo
A53: 45264 | B53: PARQUE MANDAQUI | C53: 4195.64 | D53: 47 | E53: 25,1 | H53: 0.292 | I53: Sao Paulo
A54: 45264 | B54: VILA GOPOUVA | C54: 2579.94 | D54: 34 | E54: 22,8 | H54: 0.296 | I54: Sao Paulo
A55: 45264 | B55: JARDIM CAMBURI | C55: 3056.22 | D55: 37 | E55: 32,1 | I55: Espirito Santo
A56: 45264 | B56: PRAIA DO CANTO | C56: 3156.57 | D56: 35 | E56: 31,1 | I56: Espirito Santo
A57: 45264 | B57: SERRA | C57: 2891.55 | D57: 36 | E57: 30,4 | I57: Espirito Santo
A58: 45265 | B58: CAMPO BELO | C58: 5417.74 | D58: 63 | E58: 24,4 | H58: 0.291 | I58: Sao Paulo
A59: 45265 | B59: JABAQUARA | C59: 4145.65 | D59: 44 | E59: 20,8 | H59: 0.308 | I59: Sao Paulo
A60: 45265 | B60: VILA CLEMENTINO | C60: 4320.98 | D60: 50 | E60: 24,2 | H60: 0.323 | I60: Sao Paulo
A61: 45265 | B61: PARQUE MANDAQUI | C61: 5483.86 | D61: 51 | E61: 24,4 | H61: 0.329 | I61: Sao Paulo
A62: 45265 | B62: VILA GOPOUVA | C62: 2986.37 | D62: 36 | E62: 19,9 | H62: 0.33 | I62: Sao Paulo
A63: 45265 | B63: JARDIM CAMBURI | C63: 4784.1 | D63: 51 | E63: 39 | I63: Espirito Santo
A64: 45265 | B64: PRAIA DO CANTO | C64: 5123.88 | D64: 50 | E64: 34,6 | I64: Espirito Santo
A65: 45265 | B65: SERRA | C65: 4043.45 | D65: 49 | E65: 31,9 | I65: Espirito Santo
A66: 45266 | B66: CAMPO BELO | C66: 3485.79 | D66: 43 | E66: 21,9 | H66: 0.258 | I66: Sao Paulo
A67: 45266 | B67: VILA CLEMENTINO | C67: 5602.13 | D67: 66 | E67: 27 | H67: 0.279 | I67: Sao Paulo
A68: 45266 | B68: PARQUE MANDAQUI | C68: 4018.1 | D68: 38 | E68: 21,8 | H68: 0.292 | I68: Sao Paulo
A69: 45266 | B69: JABAQUARA | C69: 4509.06 | D69: 44 | E69: 21,5 | H69: 0.316 | I69: Sao Paulo
A70: 45266 | B70: VILA GOPOUVA | C70: 3147.51 | D70: 42 | E70: 22,8 | H70: 0.375 | I70: Sao Paulo
A71: 45266 | B71: JARDIM CAMBURI | C71: 4460.55 | D71: 52 | E71: 28,7 | I71: Espirito Santo
A72: 45266 | B72: PRAIA DO CANTO | C72: 3165.85 | D72: 44 | E72: 29,6 | I72: Espirito Santo
A73: 45266 | B73: SERRA | C73: 3175.8 | D73: 44 | E73: 25,9 | I73: Espirito Santo
A74: 45267 | B74: CAMPO BELO | C74: 4936.79 | D74: 62 | E74: 22,8 | H74: 0.293 | I74: Sao Paulo
A75: 45267 | B75: VILA CLEMENTINO | C75: 5340.22 | D75: 71 | E75: 24,2 | H75: 0.311 | I75: Sao Paulo
A76: 45267 | B76: VILA GOPOUVA | C76: 3551.98 | D76: 41 | E76: 23,5 | H76: 0.318 | I76: Sao Paulo
A77: 45267 | B77: JABAQUARA | C77: 5000.9 | D77: 58 | E77: 21,2 | H77: 0.329 | I77: Sao Paulo
A78: 45267 | B78: PARQUE MANDAQUI | C78: 3910.72 | D78: 46 | E78: 27,1 | H78: 0.351 | I78: Sao Paulo
A79: 45267 | B79: JARDIM CAMBURI | C79: 3696.42 | D79: 49 | E79: 24,7 | I79: Espirito Santo
A80: 45267 | B80: PRAIA DO CANTO | C80: 3557.51 | D80: 40 | E80: 30,9 | I80: Espirito Santo
A81: 45267 | B81: SERRA | C81: 4449.81 | D81: 56 | E81: 19,3 | I81: Espirito Santo
A82: 45268 | B82: CAMPO BELO | C82: 7456.34 | D82: 84 | E82: 22 | H82: 0.249 | I82: Sao Paulo
A83: 45268 | B83: VILA CLEMENTINO | C83: 12968.49 | D83: 138 | E83: 30,9 | H83: 0.257 | I83: Sao Paulo
A84: 45268 | B84: VILA GOPOUVA | C84: 8229.99 | D84: 92 | E84: 25,3 | H84: 0.259 | I84: Sao Paulo
A85: 45268 | B85: JABAQUARA | C85: 8067.34 | D85: 94 | E85: 21,2 | H85: 0.283 | I85: Sao Paulo
A86: 45268 | B86: PARQUE MANDAQUI | C86: 10092.84 | D86: 105 | E86: 31,1 | H86: 0.312 | I86: Sao Paulo
A87: 45268 | B87: JARDIM CAMBURI | C87: 4902.04 | D87: 57 | E87: 30 | I87: Espirito Santo
A88: 45268 | B88: PRAIA DO CANTO | C88: 8101.78 | D88: 86 | E88: 40,5 | I88: Espirito Santo
A89: 45268 | B89: SERRA | C89: 7178.62 | D89: 85 | E89: 23,7 | I89: Espirito Santo
A90: 45269 | B90: VILA CLEMENTINO | C90: 11695.11 | D90: 143 | E90: 23,7 | H90: 0.258 | I90: Sao Paulo
A91: 45269 | B91: CAMPO BELO | C91: 8754.82 | D91: 104 | E91: 24,8 | H91: 0.265 | I91: Sao Paulo
A92: 45269 | B92: VILA GOPOUVA | C92: 6315.59 | D92: 75 | E92: 23 | H92: 0.285 | I92: Sao Paulo
A93: 45269 | B93: JABAQUARA | C93: 8549.47 | D93: 104 | E93: 27,2 | H93: 0.399 | I93: Sao Paulo
A94: 45269 | B94: PARQUE MANDAQUI | C94: 8710.24 | D94: 97 | E94: 28,5 | H94: 0.403 | I94: Sao Paulo
A95: 45269 | B95: JARDIM CAMBURI | C95: 11918.87 | D95: 124 | E95: 92,7 | I95: Espirito Santo
A96: 45269 | B96: PRAIA DO CANTO | C96: 12514.73 | D96: 127 | E96: 58,4 | I96: Espirito Santo
A97: 45269 | B97: SERRA | C97: 6272.64 | D97: 76 | E97: 33,3 | I97: Espirito Santo
A98: 45270 | B98: PARQUE MANDAQUI | C98: 7395.66 | D98: 78 | E98: 31,8 | H98: 0.154 | I98: Sao Paulo
A99: 45270 | B99: JABAQUARA | C99: 6470.08 | D99: 83 | E99: 20,5 | H99: 0.165 | I99: Sao Paulo
A100: 45270 | B100: CAMPO BELO | C100: 6263.07 | D100: 74 | E100: 22,1 | H100: 0.247 | I100: Sao Paulo
A101: 45270 | B101: VILA CLEMENTINO | C101: 11567.16 | D101: 127 | E101: 32,4 | H101: 0.26 | I101: Sao Paulo
A102: 45270 | B102: VILA GOPOUVA | C102: 7901.17 | D102: 88 | E102: 23,4 | H102: 0.271 | I102: Sao Paulo
A103: 45270 | B103: JARDIM CAMBURI | C103: 7138.52 | D103: 90 | E103: 37,3 | I103: Espirito Santo
A104: 45270 | B104: PRAIA DO CANTO | C104: 10118.77 | D104: 116 | E104: 32,4 | I104: Espirito Santo
...

Sheet FATURAMENTO
A1: DATA | B1: LOJA | C1: FAT | D1: TC | F1: TOTAL | G1: TC | H1: TM
A2: 46139 | B2: JARDIM CAMBURI | C2: 1447.2 | D2: 17
A3: 46140 | B3: JARDIM CAMBURI | C3: 3375.89 | D3: 30
A4: 46141 | B4: JARDIM CAMBURI | C4: 3038 | D4: 34
A5: 46142 | B5: JARDIM CAMBURI | C5: 6321.51 | D5: 67
A7: 46143 | B7: JARDIM CAMBURI | C7: 6382.85 | D7: 67
A8: 46144 | B8: JARDIM CAMBURI | C8: 6635.55 | D8: 76
A9: 46145 | B9: JARDIM CAMBURI | C9: 6797.56 | D9: 78
F10: =SUM(C2:C9) -> 33998.56 | G10: =SUM(D2:D9) -> 369 | H10: =F10/G10 -> 92.137019
A11: 46139 | B11: SPOLETO JABAQUARA | C11: 3720.14 | D11: 74
A12: 46140 | B12: SPOLETO JABAQUARA | C12: 3483.18 | D12: 65
A13: 46141 | B13: SPOLETO JABAQUARA | C13: 1211.99 | D13: 21
A14: 46142 | B14: SPOLETO JABAQUARA | C14: 4025.36 | D14: 78
A15: 46143 | B15: SPOLETO JABAQUARA | C15: 3567.98 | D15: 67
A16: 46144 | B16: SPOLETO JABAQUARA | C16: 3810.73 | D16: 68
A17: 46145 | B17: SPOLETO JABAQUARA | C17: 3505.67 | D17: 66
F18: =SUM(C10:C17) -> 23325.05 | G18: =SUM(D10:D17) -> 439 | H18: =F18/G18 -> 53.132232
A19: 46139 | B19: VILA CLEMENTINO | C19: 4905.25 | D19: 51
A20: 46140 | B20: VILA CLEMENTINO | C20: 5300.45 | D20: 60
A21: 46141 | B21: VILA CLEMENTINO | C21: 4782.21 | D21: 57
A22: 46142 | B22: VILA CLEMENTINO | C22: 9600 | D22: 100
A23: 46143 | B23: VILA CLEMENTINO | C23: 9510.95 | D23: 96
A24: 46144 | B24: VILA CLEMENTINO | C24: 9653.51 | D24: 98
A25: 46145 | B25: VILA CLEMENTINO | C25: 9308.77 | D25: 105
F26: =SUM(C18:C25) -> 53061.14 | G26: =SUM(D18:D25) -> 567 | H26: =F26/G26 -> 93.582257
A27: 46139 | B27: BOALI | C27: 3014.3 | D27: 81
A28: 46140 | B28: BOALI | C28: 3571.61 | D28: 82
A29: 46141 | B29: BOALI | C29: 3842.56 | D29: 96
A30: 46142 | B30: BOALI | C30: 3576.63 | D30: 88
A31: 46143 | B31: BOALI | C31: 2799.69 | D31: 72
A32: 46144 | B32: BOALI | C32: 2691.6 | D32: 72
A33: 46145 | B33: BOALI | C33: 3561.78 | D33: 95
F34: =SUM(C26:C33) -> 23058.17 | G34: =SUM(D26:D33) -> 586 | H34: =F34/G34 -> 39.348413

Sheet BOALI
B1: OPERAÇÃO | C1: SSS (R$) | D1: SSO (UN) | E1: ADT (MIN) | F1: EXTREMO (UN) | G1: ENTREGAS/MOTOBOY | H1: CMV | I1: LOCALIZAÇÃO
A2: 46023 | B2: BOALI | I2: Espirito Santo
A3: 46024 | B3: BOALI | C3: 3013.74 | D3: 67 | I3: Espirito Santo
A4: 46025 | B4: BOALI | C4: 2561.6 | D4: 59 | I4: Espirito Santo
A5: 46026 | B5: BOALI | C5: 3218.62 | D5: 66 | I5: Espirito Santo
A6: 46027 | B6: BOALI | C6: 4282.43 | D6: 93 | I6: Espirito Santo
A7: 46028 | B7: BOALI | C7: 3884.38 | D7: 94 | I7: Espirito Santo
A8: 46029 | B8: BOALI | C8: 3695.4 | D8: 85 | I8: Espirito Santo
A9: 46030 | B9: BOALI | C9: 4728.57 | D9: 116 | I9: Espirito Santo
A10: 46031 | B10: BOALI | C10: 3239.01 | D10: 77 | I10: Espirito Santo
A11: 46032 | B11: BOALI | C11: 2750.42 | D11: 67 | I11: Espirito Santo
A12: 46033 | B12: BOALI | C12: 2599.14 | D12: 47 | I12: Espirito Santo
A13: 46034 | B13: BOALI | C13: 4748.49 | D13: 104 | I13: Espirito Santo
A14: 46035 | B14: BOALI | C14: 3468.61 | D14: 89 | I14: Espirito Santo
... A166: 46187 | B166: BOALI | C166: 2846.74 | D166: 87 | I166: Espirito Santo
A167: 46188 | B167: BOALI | I167: Espirito Santo
A168: 46189 | B168: BOALI | I168: Espirito Santo
A169: 46190 | B169: BOALI | I169: Espirito Santo
A170: 46191 | B170: BOALI | I170: Espirito Santo
A171: 46192 | B171: BOALI | I171: Espirito Santo
A172: 46193 | B172: BOALI | I172: Espirito Santo
A173: 46194 | B173: BOALI | I173: Espirito Santo
A174: 46195 | B174: BOALI | I174: Espirito Santo
A175: 46196 | B175: BOALI | I175: Espirito Santo
A176: 46197 | B176: BOALI | I176: Espirito Santo
A177: 46198 | B177: BOALI | I177: Espirito Santo
A178: 46199 | B178: BOALI | I178: Espirito Santo
... A183: 46204 | B183: BOALI | I183: Espirito Santo
I184: Espirito Santo
I185: Espirito Santo
I186: Espirito Santo
I187: Espirito Santo
I188: Espirito Santo
I189: Espirito Santo
I190: Espirito Santo
I191: Espirito Santo
I192: Espirito Santo
I193: Espirito Santo
I194: Espirito Santo
I195: Espirito Santo
... I479: Espirito Santo

Sheet SERRA
A1: 29.1 | B1: OPERAÇÃO | C1: SSS (R$) | D1: SSO (UN) | E1: ADT (MIN) | F1: EXTREMO (UN) | G1: ENTREGAS/MOTOBOY | H1: CMV | I1: LOCALIZAÇÃO | K1: NOME | L1: DATA | M1: DIA SEMANA | N1: S/ TX ENTREGA | O1: C/ TX ENTREGA | P1: TC | Q1: TM | R1: DATA | S1: DIA SEMANA | T1: FAT ORÇADO | U1: REALIZADO | V1: TM | W1: DIF | X1: TC ORÇADO | Y1: REALIZADO | Z1: VAR | AA1: BASE | AB1: 1.1
A2: 45998 | B2: SERRA | C2: 5987.08 | D2: 70 | E2: 35.76 | F2: 8 | G2: 5.8 | H2: 0.2876 | I2: Espirito Santo
A3: 45999 | B3: SERRA | C3: 3772.84 | D3: 13 | E3: 36.47 | F3: 4 | G3: 6.5 | H3: 0.271 | I3: Espirito Santo
A4: 46000 | B4: SERRA | C4: 2448.3 | D4: 11 | E4: 21.1 | F4: 0 | G4: 3.6 | H4: 0.2617 | I4: Espirito Santo
A5: 46001 | B5: SERRA | C5: 3434.23 | D5: 19 | E5: 29.46 | F5: 0 | G5: 6.33 | H5: 0.2929 | I5: Espirito Santo
A6: 46002 | B6: SERRA | C6: 2845.64 | D6: 17 | E6: 25.47 | F6: 1 | G6: 5.66 | H6: 0.3136 | I6: Espirito Santo
A7: 46003 | B7: SERRA | C7: 3953.48 | D7: 17 | E7: 26.3 | F7: 0 | G7: 3.4 | H7: 0.304 | I7: Espirito Santo
A8: 46004 | B8: SERRA | C8: 5863.06 | D8: 33 | E8: 25.55 | F8: 0 | G8: 5.25 | H8: 0.3208 | I8: Espirito Santo
A9: 46005 | B9: SERRA | C9: 7129.89 | D9: 45 | E9: 36.5 | F9: 16 | G9: 11.25 | H9: 0.2992 | I9: Espirito Santo
A10: 46006 | B10: SERRA | C10: 3446.34 | D10: 12 | E10: 38.5 | F10: 4 | G10: 6 | H10: 0.3266 | I10: Espirito Santo
A11: 46007 | B11: SERRA | C11: 3746.64 | D11: 18 | E11: 28.83 | F11: 0 | G11: 6 | H11: 0.3316 | I11: Espirito Santo
A12: 46008 | B12: SERRA | C12: 3703.55 | D12: 45 | E12: 37.11 | F12: 7 | G12: 15 | H12: 0.3126 | I12: Espirito Santo
A13: 46009 | B13: SERRA | C13: 2617 | D13: 24 | E13: 35.51 | F13: 4 | G13: 8 | H13: 0.3394 | I13: Espirito Santo
... A18: 46014 | B18: SERRA | C18: 5028.73 | D18: 29 | E18: 38.43 | F18: 15 | G18: 9.6 | H18: 0.3566 | I18: Espirito Santo
A19: 46015 | B19: SERRA | I19: Espirito Santo | J19: FECHADA
A20: 46016 | B20: SERRA | C20: 6323.32 | D20: 63 | E20: 25.07 | F20: 0 | G20: 15.75 | H20: 0.266 | I20: Espirito Santo
A21: 46017 | B21: SERRA | C21: 3107.08 | D21: 18 | E21: 27.69 | F21: 2 | G21: 4.5 | H21: 0.2786 | I21: Espirito Santo
A22: 46018 | B22: SERRA | C22: 7034.6 | D22: 71 | E22: 39.12 | F22: 16 | G22: 17.75 | H22: 0.3299 | I22: Espirito Santo
A23: 46019 | B23: SERRA | C23: 7482.91 | D23: 76 | E23: 38.06 | F23: 16 | G23: 25.3 | H23: 0.319 | I23: Espirito Santo
A24: 46020 | B24: SERRA | C24: 3150.38 | D24: 35 | E24: 57 | F24: 15 | G24: 17.5 | H24: 0.3408 | I24: Espirito Santo
A25: 46021 | B25: SERRA | C25: 6939.6 | D25: 33 | E25: 31.94 | F25: 9 | G25: 11 | H25: 0.2896 | I25: Espirito Santo
A26: 46022 | B26: SERRA | I26: Espirito Santo | J26: FECHADA | K26: NOME | L26: DATA | N26: S/ TX ENTREGA | O26: C/ TX ENTREGA | P26: TC | Q26: TM | R26: DATA | T26: FAT ORÇADO | U26: REALIZADO | V26: TM | W26: DIF | X26: TC ORÇADO | Y26: REALIZADO | Z26: VAR | AA26: BASE | AB26: 1.1
A27: 46023 | B27: SERRA | C27: 7543.56 | D27: 73 | E27: 45.08 | F27: 16 | G27: 18.25 | H27: 0.3288 | I27: Espirito Santo | K27: SERRA | L27: 45658 | M27: 45658 | N27: 9795.08 | O27: 10370.18 | P27: 103 | Q27: =O27/P27 -> 100.68136 | R27: 46023 | S27: 46023 | T27: =O28*$AB$26 -> 4120.028 | U27: =C27 -> 7543.56 | V27: =U27/Y27 -> 103.33644 | W27: =U27-T27 -> 3423.532 | X27: =P27*$AB$1 -> 113.3 | Y27: =D27 -> 73 | Z27: =Y27-X27 -> -40.3
A28: 46024 | B28: SERRA | C28: 4047.5 | D28: 44 | E28: 42.09 | F28: 6 | G28: 8.8 | H28: 0.3212 | I28: Espirito Santo | K28: SERRA | L28: 45659 | M28: 45659 | N28: 3560.88 | O28: 3745.48 | P28: 38 | Q28: =O28/P28 -> 98.565263 | R28: 46024 | S28: 46024 | T28: =O29*$AB$26 -> 5502.519 | U28: =C28 -> 4047.5 | V28: =U28/Y28 -> 91.988636 | W28: =U28-T28 -> -1455.019 | X28: =P28*$AB$1 -> 41.8 | Y28: =D28 -> 44 | Z28: =Y28-X28 -> 2.2
A29: 46025 | B29: SERRA | C29: 6096.48 | D29: 73 | E29: 25.35 | F29: 1 | G29: 18.25 | H29: 0.336 | I29: Espirito Santo | K29: SERRA | L29: 45660 | M29: 45660 | N29: 4817.69 | O29: 5002.29 | P29: 56 | Q29: =O29/P29 -> 89.326607 | R29: 46025 | S29: 46025 | T29: =O30*$AB$26 -> 7962.526 | U29: =C29 -> 6096.48 | V29: =U29/Y29 -> 83.513425 | W29: =U29-T29 -> -1866.046 | X29: =P29*$AB$1 -> 61.6 | Y29: =D29 -> 73 | Z29: =Y29-X29 -> 11.4
A30: 46026 | B30: SERRA | C30: 7555.93 | D30: 94 | E30: 34.99 | F30: 13 | G30: 31.33 | H30: 0.337 | I30: Espirito Santo | K30: SERRA | L30: 45661 | M30: 45661 | N30: 6968.86 | O30: 7238.66 | P30: 74 | Q30: =O30/P30 -> 97.81973 | R30: 46026 | S30: 46026 | T30: =O31*$AB$26 -> 9566.964 | U30: =C30 -> 7555.93 | V30: =U30/Y30 -> 80.382234 | W30: =U30-T30 -> -2011.034 | X30: =P30*$AB$1 -> 81.4 | Y30: =D30 -> 94 | Z30: =Y30-X30 -> 12.6
A31: 46027 | B31: SERRA | C31: 4047.86 | D31: 44 | E31: 41.74 | F31: 8 | G31: 22 | H31: 0.3533 | I31: Espirito Santo | K31: SERRA | L31: 45662 | M31: 45662 | N31: 8370.64 | O31: 8697.24 | P31: 97 | Q31: =O31/P31 -> 89.662268 | R31: 46027 | S31: 46027 | T31: =O32*$AB$26 -> 4132.26 | U31: =C31 -> 4047.86 | V31: =U31/Y31 -> 91.996818 | W31: =U31-T31 -> -84.4 | X31: =P31*$AB$1 -> 106.7 | Y31: =D31 -> 44 | Z31: =Y31-X31 -> -62.7
A32: 46028 | B32: SERRA | C32: 2275.88 | D32: 13 | E32: 33.98 | F32: 3 | G32: 4.33 | H32: 0.3554 | I32: Espirito Santo | K32: SERRA | L32: 45663 | M32: 45663 | N32: 3572 | O32: 3756.6 | P32: 33 | Q32: =O32/P32 -> 113.83636 | R32: 46028 | S32: 46028 | T32: =O33*$AB$26 -> 6429.808 | U32: =C32 -> 2275.88 | V32: =U32/Y32 -> 175.06769 | W32: =U32-T32 -> -4153.928 | X32: =P32*$AB$1 -> 36.3 | Y32: =D32 -> 13 | Z32: =Y32-X32 -> -23.3
A33: 46029 | B33: SERRA | C33: 2764.96 | D33: 16 | E33: 20.35 | F33: 0 | G33: 5.3 | H33: 0.3152 | I33: Espirito Santo | K33: SERRA | L33: 45664 | M33: 45664 | N33: 5518.68 | O33: 5845.28 | P33: 57 | Q33: =O33/P33 -> 102.54877 | R33: 46029 | S33: 46029 | T33: =O34*$AB$26 -> 5508.096 | U33: =C33 -> 2764.96 | V33: =U33/Y33 -> 172.81 | W33: =U33-T33 -> -2743.136 | X33: =P33*$AB$1 -> 62.7 | Y33: =D33 -> 16 | Z33: =Y33-X33 -> -46.7
A34: 46030 | B34: SERRA | C34: 3271.9 | D34: 33 | E34: 23.24 | F34: 0 | G34: 11 | H34: 0.3053 | I34: Espirito Santo | K34: SERRA | L34: 45665 | M34: 45665 | N34: 4815.66 | O34: 5007.36 | P34: 69 | Q34: =O34/P34 -> 72.570435 | R34: 46030 | S34: 46030 | T34: =O35*$AB$26 -> 5983.967 | U34: =C34 -> 3271.9 | V34: =U34/Y34 -> 99.148485 | W34: =U34-T34 -> -2712.067 | X34: =P34*$AB$1 -> 75.9 | Y34: =D34 -> 33 | Z34: =Y34-X34 -> -42.9
A35: 46031 | B35: SERRA | C35: 5340.93 | D35: 52 | E35: 34.12 | F35: 8 | G35: 13 | H35: 0.3079 | I35: Espirito Santo | K35: SERRA | L35: 45666 | M35: 45666 | N35: 5305.07 | O35: 5439.97 | P35: 54 | Q35: =O35/P35 -> 100.74019 | R35: 46031 | S35: 46031 | T35: =O36*$AB$26 -> 7750.765 | U35: =C35 -> 5340.93 | V35: =U35/Y35 -> 102.71019 | W35: =U35-T35 -> -2409.835 | X35: =P35*$AB$1 -> 59.4 | Y35: =D35 -> 52 | Z35: =Y35-X35 -> -7.4
A36: 46032 | B36: SERRA | C36: 4146.7 | D36: 47 | E36: 29.13 | F36: 3 | G36: 11.75 | H36: 0.3381 | I36: Espirito Santo | K36: SERRA | L36: 45667 | M36: 45667 | N36: 6747.95 | O36: 7046.15 | P36: 82 | Q36: =O36/P36 -> 85.928659 | R36: 46032 | S36: 46032 | T36: =O37*$AB$26 -> 9261.769 | U36: =C36 -> 4146.7 | V36: =U36/Y36 -> 88.22766 | W36: =U36-T36 -> -5115.069 | X36: =P36*$AB$1 -> 90.2 | Y36: =D36 -> 47 | Z36: =Y36-X36 -> -43.2
A37: 46033 | B37: SERRA | C37: 7940.01 | D37: 79 | E37: 35.68 | F37: 7 | G37: 12.33 | H37: 0.3075 | I37: Espirito Santo | K37: SERRA | L37: 45668 | M37: 45668 | N37: 8043.49 | O37: 8419.79 | P37: 104 | Q37: =O37/P37 -> 80.959519 | R37: 46033 | S37: 46033 | T37: =O38*$AB$26 -> 8329.904 | U37: =C37 -> 7940.01 | V37: =U37/Y37 -> 100.50646 | W37: =U37-T37 -> -389.894 | X37: =P37*$AB$1 -> 114.4 | Y37: =D37 -> 79 | Z37: =Y37-X37 -> -35.4
A38: 46034 | B38: SERRA | C38: 1852.23 | D38: 20 | E38: 23.12 | F38: 0 | G38: 10 | H38: 0.3351 | I38: Espirito Santo | K38: SERRA | L38: 45669 | M38: 45669 | N38: 7217.64 | O38: 7572.64 | P38: 95 | Q38: =O38/P38 -> 79.712 | R38: 46034 | S38: 46034 | T38: =O39*$AB$26 -> 3408.955 | U38: =C38 -> 1852.23 | V38: =U38/Y38 -> 92.6115 | W38: =U38-T38 -> -1556.725 | X38: =P38*$AB$1 -> 104.5 | Y38: =D38 -> 20 | Z38: =Y38-X38 -> -84.5
... A49: 46045 | B49: SERRA | C49: 4516.8 | D49: 43 | E49: 26.13 | F49: 1 | G49: 8.6 | H49: 0.2772 | I49: Espirito Santo | K49: SERRA | L49: 45680 | M49: 45680 | N49: 3470.13 | O49: 3633.43 | P49: 44 | Q49: =O49/P49 -> 82.577955 | R49: 46045 | S49: 46045 | T49: =O50*$AB$26 -> 6730.9 | U49: =C49 -> 4516.8 | V49: =U49/Y49 -> 105.04186 | W49: =U49-T49 -> -2214.1 | X49: =P49*$AB$1 -> 48.4 | Y49: =D49 -> 43 | Z49: =Y49-X49 -> -5.4
A50: 46046 | B50: SERRA | C50: 5785.5 | D50: 29 | E50: 29.26 | F50: 4 | G50: 9.66 | H50: 0.3617 | I50: Espirito Santo | J50: TRABALHARAM SEM SISTEMA | K50: SERRA | L50: 45681 | M50: 45681 | N50: 5849.2 | O50: 6119 | P50: 65 | Q50: =O50/P50 -> 94.138462 | R50: 46046 | S50: 46046 | T50: =O51*$AB$26 -> 9086.055 | U50: =C50 -> 5785.5 | V50: =U50/Y50 -> 199.5 | W50: =U50-T50 -> -3300.555 | X50: =P50*$AB$1 -> 71.5 | Y50: =D50 -> 29 | Z50: =Y50-X50 -> -42.5
A51: 46047 | B51: SERRA | C51: 6414.19 | D51: 86 | E51: 33.6 | F51: 4 | G51: 17.2 | H51: 0.2841 | I51: Espirito Santo | K51: SERRA | L51: 45682 | M51: 45682 | N51: 7954.75 | O51: 8260.05 | P51: 84 | Q51: =O51/P51 -> 98.333929 | R51: 46047 | S51: 46047 | T51: =O52*$AB$26 -> 10021.473 | U51: =C51 -> 6414.19 | V51: =U51/Y51 -> 74.583605 | W51: =U51-T51 -> -3607.283 | X51: =P51*$AB$1 -> 92.4 | Y51: =D51 -> 86 | Z51: =Y51-X51 -> -6.4
A52: 46048 | B52: SERRA | C52: 2235.94 | D52: 24 | E52: 34.83 | F52: 4 | G52: 12 | H52: 0.2931 | I52: Espirito Santo | K52: SERRA | L52: 45683 | M52: 45683 | N52: 8741.23 | O52: 9110.43 | P52: 102 | Q52: =O52/P52 -> 89.317941 | R52: 46048 | S52: 46048 | T52: =O53*$AB$26 -> 3039.817 | U52: =C52 -> 2235.94 | V52: =U52/Y52 -> 93.164167 | W52: =U52-T52 -> -803.877 | X52: =P52*$AB$1 -> 112.2 | Y52: =D52 -> 24 | Z52: =Y52-X52 -> -88.2
A53: 46049 | B53: SERRA | C53: 3692.63 | D53: 44 | E53: 31.96 | F53: 4 | G53: 22 | H53: 0.248 | I53: Espirito Santo | K53: SERRA | L53: 45684 | M53: 45684 | N53: 2578.87 | O53: 2763.47 | P53: 37 | Q53: =O53/P53 -> 74.688378 | R53: 46049 | S53: 46049 | T53: =O54*$AB$26 -> 4080.483 | U53: =C53 -> 3692.63 | V53: =U53/Y53 -> 83.923409 | W53: =U53-T53 -> -387.853 | X53: =P53*$AB$1 -> 40.7 | Y53: =D53 -> 44 | Z53: =Y53-X53 -> 3.3
A54: 46050 | B54: SERRA | C54: 3537.02 | D54: 37 | E54: 24.89 | F54: 1 | G54: 12.33 | H54: 0.2959 | I54: Espirito Santo | K54: SERRA | L54: 45685 | M54: 45685 | N54: 3574.63 | O54: 3709.53 | P54: 46 | Q54: =O54/P54 -> 80.641957 | R54: 46050 | S54: 46050 | T54: =O55*$AB$26 -> 4024.812 | U54: =C54 -> 3537.02 | V54: =U54/Y54 -> 95.595135 | W54: =U54-T54 -> -487.792 | X54: =P54*$AB$1 -> 50.6 | Y54: =D54 -> 37 | Z54: =Y54-X54 -> -13.6
A55: 46051 | B55: SERRA | C55: 3371.94 | D55: 33 | E55: 39.01 | F55: 1 | G55: 11 | H55: 0.2758 | I55: Espirito Santo | K55: SERRA | L55: 45686 | M55: 45686 | N55: 3531.12 | O55: 3658.92 | P55: 42 | Q55: =O55/P55 -> 87.117143 | R55: 46051 | S55: 46051 | T55: =O56*$AB$26 -> 4124.472 | U55: =C55 -> 3371.94 | V55: =U55/Y55 -> 102.18 | W55: =U55-T55 -> -752.532 | X55: =P55*$AB$1 -> 46.2 | Y55: =D55 -> 33 | Z55: =Y55-X55 -> -13.2
A56: 46052 | B56: SERRA | C56: 5696.09 | D56: 65 | E56: 27.23 | F56: 3 | G56: 13 | H56: 0.2756 | I56: Espirito Santo | K56: SERRA | L56: 45687 | M56: 45687 | N56: 3600.42 | O56: 3749.52 | P56: 45 | Q56: =O56/P56 -> 83.322667 | R56: 46052 | S56: 46052 | T56: =O57*$AB$26 -> 8310.192 | U56: =C56 -> 5696.09 | V56: =U56/Y56 -> 87.632154 | W56: =U56-T56 -> -2614.102 | X56: =P56*$AB$1 -> 49.5 | Y56: =D56 -> 65 | Z56: =Y56-X56 -> 15.5
A57: 46053 | B57: SERRA | C57: 5979.82 | D57: 62 | E57: 24.02 | F57: 4 | G57: 10.33 | H57: 0.2949 | I57: Espirito Santo | K57: SERRA | L57: 45688 | M57: 45688 | N57: 7221.02 | O57: 7554.72 | P57: 85 | Q57: =O57/P57 -> 88.879059 | R57: 46053 | S57: 46053 | T57: =O59*$AB$26 -> 8059.062 | U57: =C57 -> 5979.82 | V57: =U57/Y57 -> 96.44871 | W57: =U57-T57 -> -2079.242 | X57: =P57*$AB$1 -> 93.5 | Y57: =D57 -> 62 | Z57: =Y57-X57 -> -31.5 | AB57: TC
A58: 46054 | B58: SERRA | C58: 8209.89 | D58: 81 | E58: 28.43 | F58: 2 | G58: 11.5 | H58: 0.2831 | I58: Espirito Santo | K58: JANEIRO | L58: TOTAL | N58: =SUM(N27:N57) -> 163765.48 | O58: =SUM(O27:O57) -> 171021.68 | P58: =SUM(P27:P57) -> 1944 | Q58: =O58/P58 -> 87.974115 | R58: TOTAL | T58: =SUM(T27:T57) -> 184775.71 | U58: =SUM(U27:U57) -> 138854.52 | V58: =U58/Y58 -> 96.49376 | W58: =SUM(W27:W57) -> -45921.192 | X58: =SUM(X27:X57) -> 2138.4 | Y58: =SUM(Y27:Y57) -> 1439 | Z58: =SUM(Z27:Z57) -> -699.4 | AB58: =Z58/Y58 -> -0.48603197
A59: 46055 | B59: SERRA | C59: 1839.14 | D59: 16 | E59: 42.96 | F59: 2 | G59: 13 | H59: 0.3371 | I59: Espirito Santo | K59: SERRA | L59: 45689 | M59: 45689 | N59: 7028.22 | O59: 7326.42 | P59: 84 | Q59: =O59/P59 -> 87.219286 | R59: 46054 | S59: 46054 | T59: =O60*$AB$26 -> 10109.935 | U59: =C59 -> 1839.14 | V59: =U59/Y59 -> 114.94625 | W59: =U59-T59 -> -8270.795 | X59: =P59*$AB$1 -> 92.4 | Y59: =D59 -> 16 | Z59: =Y59-X59 -> -76.4
A60: 46056 | B60: SERRA | C60: 4187.86 | D60: 44 | E60: 38.03 | F60: 7 | G60: 14.66 | H60: 0.2848 | I60: Espirito Santo | K60: SERRA | L60: 45690 | M60: 45690 | N60: 8743.55 | O60: 9190.85 | P60: 109 | Q60: =O60/P60 -> 84.319725 | R60: 46055 | S60: 46055 | T60: =O61*$AB$26 -> 3582.084 | U60: =C60 -> 4187.86 | V60: =U60/Y60 -> 95.178636 | W60: =U60-T60 -> 605.776 | X60: =P60*$AB$1 -> 119.9 | Y60: =D60 -> 44 | Z60: =Y60-X60 -> -75.9
A61: 46057 | B61: SERRA | C61: 1692.14 | D61: 21 | E61: 24.97 | F61: 1 | G61: 10.5 | H61: 0.3011 | I61: Espirito Santo | K61: SERRA | L61: 45691 | M61: 45691 | N61: 3100.24 | O61: 3256.44 | P61: 35 | Q61: =O61/P61 -> 93.041143 | R61: 46056 | S61: 46056 | T61: =O62*$AB$26 -> 4081.561 | U61: =C61 -> 1692.14 | V61: =U61/Y61 -> 80.578095 | W61: =U61-T61 -> -2389.421 | X61: =P61*$AB$1 -> 38.5 | Y61: =D61 -> 21 | Z61: =Y61-X61 -> -17.5
A62: 46058 | B62: SERRA | C62: 2896.7 | D62: 33 | E62: 28.96 | F62: 3 | G62: 6.33 | H62: -0.1091 | I62: Espirito Santo | K62: SERRA | L62: 45692 | M62: 45692 | N62: 3533.01 | O62: 3710.51 | P62: 48 | Q62: =O62/P62 -> 77.302292 | R62: 46057 | S62: 46057 | T62: =O63*$AB$26 -> 2938.1 | U62: =C62 -> 2896.7 | V62: =U62/Y62 -> 87.778788 | W62: =U62-T62 -> -41.4 | X62: =P62*$AB$1 -> 52.8 | Y62: =D62 -> 33 | Z62: =Y62-X62 -> -19.8
A63: 46059 | B63: SERRA | C63: 5240.13 | D63: 60 | E63: 29.84 | F63: 6 | G63: 7.2 | H63: 0.2372 | I63: Espirito Santo | K63: SERRA | L63: 45693 | M63: 45693 | N63: 2493.5 | O63: 2671 | P63: 31 | Q63: =O63/P63 -> 86.16129 | R63: 46058 | S63: 46058 | T63: =O64*$AB$26 -> 3954.038 | U63: =C63 -> 5240.13 | V63: =U63/Y63 -> 87.3355 | W63: =U63-T63 -> 1286.092 | X63: =P63*$AB$1 -> 34.1 | Y63: =D63 -> 60 | Z63: =Y63-X63 -> 25.9
A64: 46060 | B64: SERRA | C64: 4995.29 | D64: 49 | E64: 39.06 | F64: 11 | G64: 8.16 | H64: 0.301 | I64: Espirito Santo | K64: SERRA | L64: 45694 | M64: 45694 | N64: 3438.38 | O64: 3594.58 | P64: 47 | Q64: =O64/P64 -> 76.480426 | R64: 46059 | S64: 46059 | T64: =O65*$AB$26 -> 6529.71 | U64: =C64 -> 4995.29 | V64: =U64/Y64 -> 101.94469 | W64: =U64-T64 -> -1534.42 | X64: =P64*$AB$1 -> 51.7 | Y64: =D64 -> 49 | Z64: =Y64-X64 -> -2.7
A65: 46061 | B65: SERRA | C65: 8421.56 | D65: 94 | E65: 34.4 | F65: 12 | G65: 15.66 | H65: 0.3432 | I65: Espirito Santo | K65: SERRA | L65: 45695 | M65: 45695 | N65: 5694.7 | O65: 5936.1 | P65: 76 | Q65: =O65/P65 -> 78.106579 | R65: 46060 | S65: 46060 | T65: =O66*$AB$26 -> 8476.083 | U65: =C65 -> 8421.56 | V65: =U65/Y65 -> 89.591064 | W65: =U65-T65 -> -54.523 | X65: =P65*$AB$1 -> 83.6 | Y65: =D65 -> 94 | Z65: =Y65-X65 -> 10.4
A66: 46062 | B66: SERRA | C66: 2290.16 | D66: 21 | E66: 31.04 | F66: 2 | G66: 10.5 | H66: 0.2748 | I66: Espirito Santo | K66: SERRA | L66: 45696 | M66: 45696 | N66: 7378.93 | O66: 7705.53 | P66: 83 | Q66: =O66/P66 -> 92.837711 | R66: 46061 | S66: 46061 | T66: =O67*$AB$26 -> 9613.021 | U66: =C66 -> 2290.16 | V66: =U66/Y66 -> 109.05524 | W66: =U66-T66 -> -7322.861 | X66: =P66*$AB$1 -> 91.3 | Y66: =D66 -> 21 | Z66: =Y66-X66 -> -70.3
A67: 46063 | B67: SERRA | C67: 3414.08 | D67: 34 | E67: 21.72 | F67: 0 | G67: 11.33 | H67: 0.338 | I67: Espirito Santo | K67: SERRA | L67: 45697 | M67: 45697 | N67: 8334.41 | O67: 8739.11 | P67: 108 | Q67: =O67/P67 -> 80.917685 | R67: 46062 | S67: 46062 | T67: =O68*$AB$26 -> 2153.888 | U67: =C67 -> 3414.08 | V67: =U67/Y67 -> 100.41412 | W67: =U67-T67 -> 1260.192 | X67: =P67*$AB$1 -> 118.8 | Y67: =D67 -> 34 | Z67: =Y67-X67 -> -84.8
A68: 46064 | B68: SERRA | C68: 1558.4 | D68: 21 | E68: 21.67 | F68: 1 | G68: 10.5 | H68: 0.3055 | I68: Espirito Santo | K68: SERRA | L68: 45698 | M68: 45698 | N68: 1872.88 | O68: 1958.08 | P68: 26 | Q68: =O68/P68 -> 75.310769 | R68: 46063 | S68: 46063 | T68: =O69*$AB$26 -> 2388.683 | U68: =C68 -> 1558.4 | V68: =U68/Y68 -> 74.209524 | W68: =U68-T68 -> -830.283 | X68: =P68*$AB$1 -> 28.6 | Y68: =D68 -> 21 | Z68: =Y68-X68 -> -7.6
A69: 46065 | B69: SERRA | C69: 3980.18 | D69: 46 | E69: 20.29 | F69: 0 | G69: 11.5 | H69: 0.3542 | I69: Espirito Santo | K69: SERRA | L69: 45699 | M69: 45699 | N69: 2086.33 | O69: 2171.53 | P69: 32 | Q69: =O69/P69 -> 67.860313 | R69: 46064 | S69: 46064 | T69: =O70*$AB$26 -> 2000.13 | U69: =C69 -> 3980.18 | V69: =U69/Y69 -> 86.525652 | W69: =U69-T69 -> 1980.05 | X69: =P69*$AB$1 -> 35.2 | Y69: =D69 -> 46 | Z69: =Y69-X69 -> 10.8
A70: 46066 | B70: SERRA | C70: 6289.37 | D70: 64 | E70: 28.43 | F70: 2 | G70: 10.33 | H70: 0.2873 | I70: Espirito Santo | K70: SERRA | L70: 45700 | M70: 45700 | N70: 1768.6 | O70: 1818.3 | P70: 30 | Q70: =O70/P70 -> 60.61 | R70: 46065 | S70: 46065 | T70: =O71*$AB$26 -> 2988.458 | U70: =C70 -> 6289.37 | V70: =U70/Y70 -> 98.271406 | W70: =U70-T70 -> 3300.912 | X70: =P70*$AB$1 -> 33 | Y70: =D70 -> 64 | Z70: =Y70-X70 -> 31
... A85: 46081 | B85: SERRA | C85: 8515.66 | D85: 79 | E85: 34.19 | F85: 6 | G85: 15.8 | H85: 0.3327 | I85: Espirito Santo | K85: SERRA | L85: 45715 | M85: 45715 | N85: 3820.31 | O85: 4040.41 | P85: 52 | Q85: =O85/P85 -> 77.700192 | R85: 46080 | S85: 46080 | T85: =O86*$AB$26 -> 11076.054 | U85: =C85 -> 8515.66 | V85: =U85/Y85 -> 107.79316 | W85: =U85-T85 -> -2560.394 | X85: =P85*$AB$1 -> 57.2 | Y85: =D85 -> 79 | Z85: =Y85-X85 -> 21.8
A86: 46082 | B86: SERRA | C86: 6707.25 | D86: 81 | E86: 31.45 | F86: 3 | G86: 11.5 | H86: 0.2649 | I86: Espirito Santo | K86: SERRA | L86: 45716 | M86: 45716 | N86: 9692.84 | O86: 10069.14 | P86: 110 | Q86: =O86/P86 -> 91.537636 | R86: 46081 | S86: 46081 | T86: =O88*$AB$26 -> 7260.792 | U86: =C86 -> 6707.25 | V86: =U86/Y86 -> 82.805556 | W86: =U86-T86 -> -553.542 | X86: =P86*$AB$1 -> 121 | Y86: =D86 -> 81 | Z86: =Y86-X86 -> -40
A87: 46083 | B87: SERRA | C87: 3031.48 | D87: 33 | E87: 32.4 | F87: 4 | G87: 16.5 | H87: 0.2975 | I87: Espirito Santo | K87: FEVEREIRO | L87: TOTAL | N87: =SUM(N59:N86) -> 131042.23 | O87: =SUM(O59:O86) -> 137730.43 | P87: =SUM(P59:P86) -> 1653 | Q87: =O87/P87 -> 83.321494 | R87: TOTAL | T87: =SUM(T59:T86) -> 150705.2 | U87: =SUM(U59:U86) -> 130145.07 | V87: =U87/Y87 -> 91.716047 | W87: =SUM(W59:W86) -> -20560.133 | X87: =SUM(X59:X86) -> 1818.3 | Y87: =SUM(Y59:Y86) -> 1419 | Z87: =SUM(Z59:Z86) -> -399.3
A88: 46084 | B88: SERRA | C88: 2434.67 | D88: 28 | E88: 24.48 | F88: 0 | G88: 14 | H88: 0.3601 | I88: Espirito Santo | K88: SERRA | L88: 45717 | M88: 45717 | N88: 6139.22 | O88: 6600.72 | P88: 86 | Q88: =O88/P88 -> 76.752558 | R88: 46082 | S88: 46082 | T88: =O89*$AB$26 -> 9782.564 | U88: =C86 -> 6707.25 | V88: =U88/Y88 -> 82.805556 | W88: =U88-T88 -> -3075.314 | X88: =P89*$AB$1 -> 116.6 | Y88: =D86 -> 81 | Z88: =Y88-X88 -> -35.6
A89: 46085 | B89: SERRA | C89: 2205.24 | D89: 26 | E89: 19.93 | F89: 1 | G89: 13 | H89: 0.3167 | I89: Espirito Santo | K89: SERRA | L89: 45718 | M89: 45718 | N89: 8524.04 | O89: 8893.24 | P89: 106 | Q89: =O89/P89 -> 83.898491 | R89: 46083 | S89: 46083 | T89: =O90*$AB$26 -> 9308.321 | U89: =C87 -> 3031.48 | V89: =U89/Y89 -> 91.86303 | W89: =U89-T89 -> -6276.841 | X89: =P90*$AB$1 -> 88 | Y89: =D87 -> 33 | Z89: =Y89-X89 -> -55
A90: 46086 | B90: SERRA | C90: 2382.7 | D90: 27 | E90: 23.84 | F90: 0 | G90: 13.5 | H90: 0.3036 | I90: Espirito Santo | K90: SERRA | L90: 45719 | M90: 45719 | N90: 7936.71 | O90: 8462.11 | P90: 80 | Q90: =O90/P90 -> 105.77638 | R90: 46084 | S90: 46084 | T90: =O91*$AB$26 -> 9988.66 | U90: =C88 -> 2434.67 | V90: =U90/Y90 -> 86.9525 | W90: =U90-T90 -> -7553.99 | X90: =P91*$AB$1 -> 110 | Y90: =D88 -> 28 | Z90: =Y90-X90 -> -82
A91: 46087 | B91: SERRA | C91: 6457.76 | D91: 68 | E91: 23.44 | F91: 1 | G91: 17 | H91: 0.3195 | I91: Espirito Santo | K91: SERRA | L91: 45720 | M91: 45720 | N91: 8604.9 | O91: 9080.6 | P91: 100 | Q91: =O91/P91 -> 90.806 | R91: 46085 | S91: 46085 | T91: =O92*$AB$26 -> 5820.232 | U91: =C89 -> 2205.24 | V91: =U91/Y91 -> 84.816923 | W91: =U91-T91 -> -3614.992 | X91: =P92*$AB$1 -> 62.7 | Y91: =D89 -> 26 | Z91: =Y91-X91 -> -36.7
A92: 46088 | B92: SERRA | C92: 5772 | D92: 61 | E92: 33.82 | F92: 5 | G92: 15.22 | H92: 0.3194 | I92: Espirito Santo | K92: SERRA | L92: 45721 | M92: 45721 | N92: 5035.52 | O92: 5291.12 | P92: 57 | Q92: =O92/P92 -> 92.826667 | R92: 46086 | S92: 46086 | T92: =O93*$AB$26 -> 2674.925 | U92: =C90 -> 2382.7 | V92: =U92/Y92 -> 88.248148 | W92: =U92-T92 -> -292.225 | X92: =P93*$AB$1 -> 40.7 | Y92: =D90 -> 27 | Z92: =Y92-X92 -> -13.7
A93: 46089 | B93: SERRA | C93: 8171.97 | D93: 85 | E93: 37.27 | F93: 6 | G93: 21.25 | H93: 0.3103 | I93: Espirito Santo | K93: SERRA | L93: 45722 | M93: 45722 | N93: 2303.95 | O93: 2431.75 | P93: 37 | Q93: =O93/P93 -> 65.722973 | R93: 46087 | S93: 46087 | T93: =O94*$AB$26 -> 6153.653 | U93: =C91 -> 6457.76 | V93: =U93/Y93 -> 94.967059 | W93: =U93-T93 -> 304.107 | X93: =P94*$AB$1 -> 80.3 | Y93: =D91 -> 68 | Z93: =Y93-X93 -> -12.3
A94: 46090 | B94: SERRA | C94: 2505.18 | D94: 25 | E94: 23.09 | F94: 1 | G94: 12.5 | H94: 0.3167 | I94: Espirito Santo | K94: SERRA | L94: 45723 | M94: 45723 | N94: 5324.43 | O94: 5594.23 | P94: 73 | Q94: =O94/P94 -> 76.633288 | R94: 46088 | S94: 46088 | T94: =O95*$AB$26 -> 11353.408 | U94: =C92 -> 5772 | V94: =U94/Y94 -> 94.622951 | W94: =U94-T94 -> -5581.408 | X94: =P95*$AB$1 -> 125.4 | Y94: =D92 -> 61 | Z94: =Y94-X94 -> -64.4
A95: 46091 | B95: SERRA | C95: 3014.63 | D95: 11 | E95: 28.43 | F95: 0 | G95: 5.5 | H95: 0.2914 | I95: Espirito Santo | K95: SERRA | L95: 45724 | M95: 45724 | N95: 9888.18 | O95: 10321.28 | P95: 114 | Q95: =O95/P95 -> 90.537544 | R95: 46089 | S95: 46089 | T95: =O96*$AB$26 -> 9380.305 | U95: =C93 -> 8171.97 | V95: =U95/Y95 -> 96.140824 | W95: =U95-T95 -> -1208.335 | X95: =P96*$AB$1 -> 113.3 | Y95: =D93 -> 85 | Z95: =Y95-X95 -> -28.3
A96: 46092 | B96: SERRA | C96: 1953.34 | D96: 22 | E96: 33.29 | F96: 2 | G96: 11 | H96: 0.338 | I96: Espirito Santo | K96: SERRA | L96: 45725 | M96: 45725 | N96: 8066.05 | O96: 8527.55 | P96: 103 | Q96: =O96/P96 -> 82.791748 | R96: 46090 | S96: 46090 | T96: =O97*$AB$26 -> 2657.996 | U96: =C94 -> 2505.18 | V96: =U96/Y96 -> 100.2072 | W96: =U96-T96 -> -152.816 | X96: =P97*$AB$1 -> 38.5 | Y96: =D94 -> 25 | Z96: =Y96-X96 -> -13.5
A97: 46093 | B97: SERRA | C97: 3446.5 | D97: 38 | E97: 35.84 | F97: 8 | G97: 19 | H97: 0.3117 | I97: Espirito Santo | K97: SERRA | L97: 45726 | M97: 45726 | N97: 2302.76 | O97: 2416.36 | P97: 35 | Q97: =O97/P97 -> 69.038857 | R97: 46091 | S97: 46091 | T97: =O98*$AB$26 -> 5004.505 | U97: =C95 -> 3014.63 | V97: =U97/Y97 -> 274.05727 | W97: =U97-T97 -> -1989.875 | X97: =P98*$AB$1 -> 53.9 | Y97: =D95 -> 11 | Z97: =Y97-X97 -> -42.9
A98: 46094 | B98: SERRA | C98: 7225.75 | D98: 71 | E98: 27.38 | F98: 3 | G98: 14.2 | H98: 0.3126 | I98: Espirito Santo | K98: SERRA | L98: 45727 | M98: 45727 | N98: 4308.15 | O98: 4549.55 | P98: 49 | Q98: =O98/P98 -> 92.847959 | R98: 46092 | S98: 46092 | T98: =O99*$AB$26 -> 3689.928 | U98: =C96 -> 1953.34 | V98: =U98/Y98 -> 88.788182 | W98: =U98-T98 -> -1736.588 | X98: =P99*$AB$1 -> 41.8 | Y98: =D96 -> 22 | Z98: =Y98-X98 -> -19.8
A99: 46095 | B99: SERRA | C99: 10753.2 | D99: 108 | E99: 34.22 | F99: 15 | G99: 21.6 | H99: 0.3012 | I99: Espirito Santo | K99: SERRA | L99: 45728 | M99: 45728 | N99: 3226.68 | O99: 3354.48 | P99: 38 | Q99: =O99/P99 -> 88.275789 | R99: 46093 | S99: 46093 | T99: =O100*$AB$26 -> 3323.551 | U99: =C99 -> 10753.2 | V99: =U99/Y99 -> 282.97895 | W99: =U99-T99 -> 7429.649 | X99: =P100*$AB$1 -> 39.6 | Y99: =D97 -> 38 | Z99: =Y99-X99 -> -1.6
A100: 46096 | B100: SERRA | C100: 7637.2 | D100: 80 | E100: 23.4 | F100: 0 | G100: 16 | H100: 0.1984 | I100: Espirito Santo | K100: SERRA | L100: 45729 | M100: 45729 | N100: 2893.61 | O100: 3021.41 | P100: 36 | Q100: =O100/P100 -> 83.928056 | R100: 46094 | S100: 46094 | T100: =O101*$AB$26 -> 9414.438 | U100: =C100 -> 7637.2 | V100: =U100/Y100 -> 107.5662 | W100: =U100-T100 -> -1777.238 | X100: =P101*$AB$1 -> 106.7 | Y100: =D98 -> 71 | Z100: =Y100-X100 -> -35.7
A101: 46097 | B101: SERRA | C101: 2188.83 | D101: 24 | E101: 28.62 | F101: 2 | G101: 12 | H101: 0.3066 | I101: Espirito Santo | K101: SERRA | L101: 45730 | M101: 45730 | N101: 8217.78 | O101: 8558.58 | P101: 97 | Q101: =O101/P101 -> 88.232784 | R101: 46095 | S101: 46095 | T101: =O102*$AB$26 -> 10747.55 | U101: =C101 -> 2188.83 | V101: =U101/Y101 -> 20.266944 | W101: =U101-T101 -> -8558.72 | X101: =P102*$AB$1 -> 118.8 | Y101: =D99 -> 108 | Z101: =Y101-X101 -> -10.8
A102: 46098 | B102: SERRA | C102: 2647.58 | D102: 12 | E102: 23.29 | F102: 0 | G102: 4 | H102: 0.3677 | I102: Espirito Santo | K102: SERRA | L102: 45731 | M102: 45731 | N102: 9259.3 | O102: 9770.5 | P102: 108 | Q102: =O102/P102 -> 90.467593 | R102: 46096 | S102: 46096 | T102: =O103*$AB$26 -> 10510.247 | U102: =C102 -> 2647.58 | V102: =U102/Y102 -> 33.09475 | W102: =U102-T102 -> -7862.667 | X102: =P103*$AB$1 -> 126.5 | Y102: =D100 -> 80 | Z102: =Y102-X102 -> -46.5
A103: 46099 | B103: SERRA | C103: 2512.12 | D103: 31 | E103: 23.29 | F103: 1 | G103: 10.33 | H103: 0.3071 | I103: Espirito Santo | K103: SERRA | L103: 45732 | M103: 45732 | N103: 8951.27 | O103: 9554.77 | P103: 115 | Q103: =O103/P103 -> 83.084957 | R103: 46097 | S103: 46097 | T103: =O104*$AB$26 -> 4989.732 | U103: =C103 -> 2512.12 | V103: =U103/Y103 -> 104.67167 | W103: =U103-T103 -> -2477.612 | X103: =P104*$AB$1 -> 59.4 | Y103: =D101 -> 24 | Z103: =Y103-X103 -> -35.4
A104: 46100 | B104: SERRA | C104: 2688.46 | D104: 31 | E104: 28.86 | F104: 3 | G104: 15.5 | H104: 0.2731 | I104: Espirito Santo | K104: SERRA | L104: 45733 | M104: 45733 | N104: 4245.02 | O104: 4536.12 | P104: 54 | Q104: =O104/P104 -> 84.002222 | R104: 46098 | S104: 46098 | T104: =O105*$AB$26 -> 3050.85 | U104: =C104 -> 2688.46 | V104: =U104/Y104 -> 224.03833 | W104: =U104-T104 -> -362.39 | X104: =P105*$AB$1 -> 37.4 | Y104: =D102 -> 12 | Z104: =Y104-X104 -> -25.4
A105: 46101 | B105: SERRA | C105: 6444.1 | D105: 70 | E105: 31.73 | F105: 5 | G105: 17.5 | H105: 0.3135 | I105: Espirito Santo | K105: SERRA | L105: 45734 | M105: 45734 | N105: 2681.2 | O105: 2773.5 | P105: 34 | Q105: =O105/P105 -> 81.573529 | R105: 46099 | S105: 46099 | T105: =O106*$AB$26 -> 3338.676 | U105: =C105 -> 6444.1 | V105: =U105/Y105 -> 207.87419 | W105: =U105-T105 -> 3105.424 | X105: =P106*$AB$1 -> 44 | Y105: =D103 -> 31 | Z105: =Y105-X105 -> -13
A106: 46102 | B106: SERRA | C106: 6383.04 | D106: 37 | E106: 25.47 | F106: 1 | G106: 12.33 | H106: 0.3346 | I106: Espirito Santo | K106: SERRA | L106: 45735 | M106: 45735 | N106: 2878.96 | O106: 3035.16 | P106: 40 | Q106: =O106/P106 -> 75.879 | R106: 46100 | S106: 46100 | T106: =O107*$AB$26 -> 4416.159 | U106: =C106 -> 6383.04 | V106: =U106/Y106 -> 205.90452 | W106: =U106-T106 -> 1966.881 | X106: =P107*$AB$1 -> 56.1 | Y106: =D104 -> 31 | Z106: =Y106-X106 -> -25.1
A107: 46103 | B107: SERRA | C107: 7760.5 | D107: 46 | E107: 29.63 | F107: 4 | G107: 15.33 | H107: 0.307 | I107: Espirito Santo | K107: SERRA | L107: 45736 | M107: 45736 | N107: 3893.99 | O107: 4014.69 | P107: 51 | Q107: =O107/P107 -> 78.719412 | R107: 46101 | S107: 46101 | T107: =O108*$AB$26 -> 6719.944 | U107: =C107 -> 7760.5 | V107: =U107/Y107 -> 110.86429 | W107: =U107-T107 -> 1040.556 | X107: =P108*$AB$1 -> 86.9 | Y107: =D105 -> 70 | Z107: =Y107-X107 -> -16.9
A108: 46104 | B108: SERRA | C108: 3088.14 | D108: 34 | E108: 25.85 | F108: 0 | G108: 17 | H108: 0.3232 | I108: Espirito Santo | K108: SERRA | L108: 45737 | M108: 45737 | N108: 5910.24 | O108: 6109.04 | P108: 79 | Q108: =O108/P108 -> 77.32962 | R108: 46102 | S108: 46102 | T108: =O109*$AB$26 -> 9913.772 | U108: =C108 -> 3088.14 | V108: =U108/Y108 -> 83.463243 | W108: =U108-T108 -> -6825.632 | X108: =P109*$AB$1 -> 115.5 | Y108: =D106 -> 37 | Z108: =Y108-X108 -> -78.5
A109: 46105 | B109: SERRA | C109: 3161.33 | D109: 18 | E109: 26.81 | F109: 2 | G109: 6 | H109: 0.261 | I109: Espirito Santo | K109: SERRA | L109: 45738 | M109: 45738 | N109: 8792.42 | O109: 9012.52 | P109: 105 | Q109: =O109/P109 -> 85.833524 | R109: 46103 | S109: 46103 | T109: =O110*$AB$26 -> 8807.392 | U109: =C109 -> 3161.33 | V109: =U109/Y109 -> 68.724565 | W109: =U109-T109 -> -5646.062 | X109: =P110*$AB$1 -> 101.2 | Y109: =D107 -> 46 | Z109: =Y109-X109 -> -55.2
A110: 46106 | B110: SERRA | C110: 2269.76 | D110: 14 | E110: 22.84 | F110: 0 | G110: 7 | H110: 0.3508 | I110: Espirito Santo | K110: SERRA | L110: 45739 | M110: 45739 | N110: 7694.32 | O110: 8006.72 | P110: 92 | Q110: =O110/P110 -> 87.029565 | R110: 46104 | S110: 46104 | T110: =O111*$AB$26 -> 2089.725 | U110: =C110 -> 2269.76 | V110: =U110/Y110 -> 66.757647 | W110: =U110-T110 -> 180.035 | X110: =P111*$AB$1 -> 30.8 | Y110: =D108 -> 34 | Z110: =Y110-X110 -> 3.2
... A116: 46112 | B116: SERRA | C116: 5587.42 | D116: 55 | E116: 38.91 | F116: 18 | G116: 11 | H116: 0.3374 | I116: Espirito Santo | K116: SERRA | L116: 45745 | M116: 45745 | N116: 7829.38 | O116: 8354.78 | P116: 99 | Q116: =O116/P116 -> 84.391717 | R116: 46110 | S116: 46110 | T116: =O117*$AB$26 -> 9128.218 | U116: =C116 -> 5587.42 | V116: =U116/Y116 -> 103.47074 | W116: =U116-T116 -> -3540.798 | X116: =P117*$AB$1 -> 112.2 | Y116: =D114 -> 54 | Z116: =Y116-X116 -> -58.2
B117: SERRA | K117: SERRA | L117: 45746 | M117: 45746 | N117: 7943.38 | O117: 8298.38 | P117: 102 | Q117: =O117/P117 -> 81.356667 | R117: 46111 | S117: 46111 | T117: =O118*$AB$26 -> 3685.682 | U117: =C117 -> 0 | V117: =U117/Y117 -> 0 | W117: =U117-T117 -> -3685.682 | X117: =P118*$AB$1 -> 40.7 | Y117: =D115 -> 24 | Z117: =Y117-X117 -> -16.7
B118: SERRA | K118: SERRA | L118: 45747 | M118: 45747 | N118: 3123.42 | O118: 3350.62 | P118: 37 | Q118: =O118/P118 -> 90.557297 | R118: 46112 | S118: 46112 | T118: =O120*$AB$26 -> 5799.882 | U118: =C118 -> 0 | V118: =U118/Y118 -> 0 | W118: =U118-T118 -> -5799.882 | X118: =P120*$AB$1 -> 70.4 | Y118: =D116 -> 55 | Z118: =Y118-X118 -> -15.4
K119: MARÇO | L119: TOTAL | N119: =SUM(N88:N118) -> 174660.83 | O119: =SUM(O88:O118) -> 183535.83 | P119: =SUM(P88:P118) -> 2176 | Q119: =O119/P119 -> 84.34551 | R119: TOTAL | T119: =SUM(T88:T118) -> 200428.5 | U119: =SUM(U88:U118) -> 137986.82 | V119: =U119/Y119 -> 104.06246 | W119: =SUM(W88:W118) -> -62441.683 | X119: =SUM(X88:X118) -> 2369.4 | Y119: =SUM(Y88:Y118) -> 1326 | Z119: =SUM(Z88:Z118) -> -1043.4
A120: 46113 | B120: SERRA | C120: 3256.22 | D120: 32 | E120: 22.31 | F120: 2 | G120: 6 | H120: 0.3342 | I120: Espirito Santo | K120: SERRA | L120: 45748 | M120: 45748 | N120: 5031.22 | O120: 5272.62 | P120: 64 | Q120: =O120/P120 -> 82.384687 | R120: 46113 | S120: 46113 | T120: =O121*$AB$26 -> 4896.881 | U120: =C120 -> 3256.22 | V120: =U120/Y120 -> 101.75687 | W120: =U120-T120 -> -1640.661 | X120: =P120*$AB$1 -> 70.4 | Y120: =D120 -> 32 | Z120: =Y120-X120 -> -38.4
A121: 46114 | B121: SERRA | C121: 5579.11 | D121: 55 | E121: 27.98 | F121: 2 | G121: 6.25 | H121: 0.3182 | I121: Espirito Santo | K121: SERRA | L121: 45749 | M121: 45749 | N121: 4217.41 | O121: 4451.71 | P121: 52 | Q121: =O121/P121 -> 85.609808 | R121: 46114 | S121: 46114 | T121: =O122*$AB$26 -> 2987.776 | U121: =C121 -> 5579.11 | V121: =U121/Y121 -> 101.43836 | W121: =U121-T121 -> 2591.334 | X121: =P121*$AB$1 -> 57.2 | Y121: =D121 -> 55 | Z121: =Y121-X121 -> -2.2
A122: 46115 | B122: SERRA | C122: 6043.39 | D122: 60 | E122: 30.54 | F122: 0 | G122: 7 | H122: 0.3331 | I122: Espirito Santo | K122: SERRA | L122: 45750 | M122: 45750 | N122: 2616.76 | O122: 2716.16 | P122: 33 | Q122: =O122/P122 -> 82.307879 | R122: 46115 | S122: 46115 | T122: =O123*$AB$26 -> 8965.385 | U122: =C122 -> 6043.39 | V122: =U122/Y122 -> 100.72317 | W122: =U122-T122 -> -2921.995 | X122: =P122*$AB$1 -> 36.3 | Y122: =D122 -> 60 | Z122: =Y122-X122 -> 23.7
A123: 46116 | B123: SERRA | C123: 7506.34 | D123: 75 | E123: 30.64 | F123: 6 | G123: 7.2 | H123: 0.2843 | I123: Espirito Santo | K123: SERRA | L123: 45751 | M123: 45751 | N123: 7667.55 | O123: 8150.35 | P123: 94 | Q123: =O123/P123 -> 86.705851 | R123: 46116 | S123: 46116 | T123: =O124*$AB$26 -> 9858.563 | U123: =C123 -> 7506.34 | V123: =U123/Y123 -> 100.08453 | W123: =U123-T123 -> -2352.223 | X123: =P123*$AB$1 -> 103.4 | Y123: =D123 -> 75 | Z123: =Y123-X123 -> -28.4
A124: 46117 | B124: SERRA | C124: 9211.51 | D124: 102 | E124: 27.56 | F124: 0 | G124: 20.4 | H124: 0.3124 | I124: Espirito Santo | K124: SERRA | L124: 45752 | M124: 45752 | N124: 8500.83 | O124: 8962.33 | P124: 98 | Q124: =O124/P124 -> 91.452347 | R124: 46117 | S124: 46117 | T124: =O125*$AB$26 -> 9376.268 | U124: =C124 -> 9211.51 | V124: =U124/Y124 -> 90.308922 | W124: =U124-T124 -> -164.758 | X124: =P124*$AB$1 -> 107.8 | Y124: =D124 -> 102 | Z124: =Y124-X124 -> -5.8
A125: 46118 | B125: SERRA | C125: 1743.9 | D125: 20 | E125: 28.21 | F125: 2 | G125: 10 | H125: 0.2891 | I125: Espirito Santo | K125: SERRA | L125: 45753 | M125: 45753 | N125: 8048.18 | O125: 8523.88 | P125: 100 | Q125: =O125/P125 -> 85.2388 | R125: 46118 | S125: 46118 | T125: =O126*$AB$26 -> 3330.866 | U125: =C125 -> 1743.9 | V125: =U125/Y125 -> 87.195 | W125: =U125-T125 -> -1586.966 | X125: =P125*$AB$1 -> 110 | Y125: =D125 -> 20 | Z125: =Y125-X125 -> -90
A126: 46119 | B126: SERRA | C126: 4181.66 | D126: 21 | E126: 28.09 | F126: 0 | G126: 10.5 | H126: 0.3398 | I126: Espirito Santo | K126: SERRA | L126: 45754 | M126: 45754 | N126: 2878.96 | O126: 3028.06 | P126: 40 | Q126: =O126/P126 -> 75.7015 | R126: 46119 | S126: 46119 | T126: =O127*$AB$26 -> 3767.929 | U126: =C126 -> 4181.66 | V126: =U126/Y126 -> 199.12667 | W126: =U126-T126 -> 413.731 | X126: =P126*$AB$1 -> 44 | Y126: =D126 -> 21 | Z126: =Y126-X126 -> -23
A127: 46120 | B127: SERRA | C127: 1941.63 | D127: 14 | E127: 27.03 | F127: 2 | G127: 7 | H127: 0.3019 | I127: Espirito Santo | K127: SERRA | L127: 45755 | M127: 45755 | N127: 3269.19 | O127: 3425.39 | P127: 37 | Q127: =O127/P127 -> 92.578108 | R127: 46120 | S127: 46120 | T127: =O128*$AB$26 -> 3799.576 | U127: =C127 -> 1941.63 | V127: =U127/Y127 -> 138.68786 | W127: =U127-T127 -> -1857.946 | X127: =P127*$AB$1 -> 40.7 | Y127: =D127 -> 14 | Z127: =Y127-X127 -> -26.7
A128: 46121 | B128: SERRA | C128: 3286.3 | D128: 37 | E128: 26.65 | F128: 3 | G128: 18.05 | I128: Espirito Santo | K128: SERRA | L128: 45756 | M128: 45756 | N128: 3290.86 | O128: 3454.16 | P128: 39 | Q128: =O128/P128 -> 88.568205 | R128: 46121 | S128: 46121 | T128: =O129*$AB$26 -> 3465.528 | U128: =C128 -> 3286.3 | V128: =U128/Y128 -> 88.818919 | W128: =U128-T128 -> -179.228 | X128: =P128*$AB$1 -> 42.9 | Y128: =D128 -> 37 | Z128: =Y128-X128 -> -5.9
A129: 46122 | B129: SERRA | C129: 7138.14 | D129: 39 | E129: 38.91 | F129: 17 | G129: 7.8 | H129: 0.3676 | I129: Espirito Santo | K129: SERRA | L129: 45757 | M129: 45757 | N129: 3001.38 | O129: 3150.48 | P129: 37 | Q129: =O129/P129 -> 85.148108 | R129: 46122 | S129: 46122 | T129: =O130*$AB$26 -> 7331.423 | U129: =C129 -> 7138.14 | V129: =U129/Y129 -> 183.02923 | W129: =U129-T129 -> -193.283 | X129: =P129*$AB$1 -> 40.7 | Y129: =D129 -> 39 | Z129: =Y129-X129 -> -1.7
A130: 46123 | B130: SERRA | C130: 8362.1 | D130: 57 | E130: 34.01 | F130: 18 | G130: 14.4 | H130: 0.3236 | I130: Espirito Santo | K130: SERRA | L130: 45758 | M130: 45758 | N130: 6359.63 | O130: 6664.93 | P130: 80 | Q130: =O130/P130 -> 83.311625 | R130: 46123 | S130: 46123 | T130: =O131*$AB$26 -> 10065.308 | U130: =C130 -> 8362.1 | V130: =U130/Y130 -> 146.70351 | W130: =U130-T130 -> -1703.208 | X130: =P130*$AB$1 -> 88 | Y130: =D130 -> 57 | Z130: =Y130-X130 -> -31
A131: 46124 | B131: SERRA | C131: 10359.37 | D131: 55 | E131: 43.31 | F131: 32 | G131: 11 | H131: 0.3599 | I131: Espirito Santo | K131: SERRA | L131: 45759 | M131: 45759 | N131: 8639.08 | O131: 9150.28 | P131: 97 | Q131: =O131/P131 -> 94.332784 | R131: 46124 | S131: 46124 | T131: =O132*$AB$26 -> 6773.074 | U131: =C131 -> 10359.37 | V131: =U131/Y131 -> 188.35218 | W131: =U131-T131 -> 3586.296 | X131: =P131*$AB$1 -> 106.7 | Y131: =D131 -> 55 | Z131: =Y131-X131 -> -51.7
A132: 46125 | B132: SERRA | C132: 6452.52 | D132: 78 | E132: 29.7 | F132: 1 | G132: 19.5 | I132: Espirito Santo | K132: SERRA | L132: 45760 | M132: 45760 | N132: 5901.74 | O132: 6157.34 | P132: 71 | Q132: =O132/P132 -> 86.723099 | R132: 46125 | S132: 46125 | T132: =O133*$AB$26 -> 4985.332 | U132: =C132 -> 6452.52 | V132: =U132/Y132 -> 82.724615 | W132: =U132-T132 -> 1467.188 | X132: =P132*$AB$1 -> 78.1 | Y132: =D132 -> 78 | Z132: =Y132-X132 -> -0.1
A133: 46126 | B133: SERRA | C133: 2441.5 | D133: 26 | E133: 29.94 | F133: 1 | G133: 13.5 | H133: 0.2517 | I133: Espirito Santo | K133: SERRA | L133: 45761 | M133: 45761 | N133: 4354.62 | O133: 4532.12 | P133: 38 | Q133: =O133/P133 -> 119.26632 | R133: 46126 | S133: 46126 | T133: =O134*$AB$26 -> 4401.485 | U133: =C133 -> 2441.5 | V133: =U133/Y133 -> 93.903846 | W133: =U133-T133 -> -1959.985 | X133: =P133*$AB$1 -> 41.8 | Y133: =D133 -> 26 | Z133: =Y133-X133 -> -15.8
...

Sheet JARDIM CAMBURI
B1: OPERAÇÃO | C1: SSS (R$) | D1: SSO (UN) | E1: ADT (MIN) | F1: EXTREMO (UN) | G1: ENTREGAS/MOTOBOY | H1: CMV | I1: LOCALIZAÇÃO | J1: OBS | K1: DATA | L1: DIA SEMANA | M1: S/ TX ENTREGA | N1: C/ TX ENTREGA | O1: TC | P1: TM | Q1: DATA | R1: DIA SEMANA | S1: FAT ORÇADO | T1: REALIZADO | U1: TM | V1: DIF | W1: TC ORÇADO | X1: REALIZADO | Y1: VAR | Z1: CRESCIMENTO | AA1: 1.1
A2: 45998 | B2: JARDIM CAMBURI | C2: 9283.18 | D2: 109 | E2: 39.17 | F2: 33 | G2: 16.2 | H2: 0.325 | I2: Espirito Santo
A3: 45999 | B3: JARDIM CAMBURI | C3: 2532.12 | D3: 16 | E3: 24.5 | F3: 0 | G3: 5.3 | H3: 0.2349 | I3: Espirito Santo
A4: 46000 | B4: JARDIM CAMBURI | C4: 5025.38 | D4: 31 | E4: 35.84 | F4: 8 | G4: 3.8 | H4: 0.3667 | I4: Espirito Santo
A5: 46001 | B5: JARDIM CAMBURI | C5: 4271 | D5: 33 | E5: 22.4 | F5: 1 | G5: 11 | H5: 0.2656 | I5: Espirito Santo
A6: 46002 | B6: JARDIM CAMBURI | C6: 3209.8 | D6: 21 | E6: 31.97 | F6: 1 | G6: 7 | H6: 0.2866 | I6: Espirito Santo
A7: 46003 | B7: JARDIM CAMBURI | C7: 6608.64 | D7: 51 | E7: 25.13 | F7: 0 | G7: 7 | H7: 0.1909 | I7: Espirito Santo
A8: 46004 | B8: JARDIM CAMBURI | C8: 8005.64 | D8: 67 | E8: 21.9 | F8: 0 | G8: 5 | H8: 0.248 | I8: Espirito Santo
A9: 46005 | B9: JARDIM CAMBURI | C9: 8361.14 | D9: 70 | E9: 22.99 | F9: 0 | H9: 0.2711 | I9: Espirito Santo
A10: 46006 | B10: JARDIM CAMBURI | C10: 2884.02 | D10: 23 | E10: 22.93 | F10: 0 | G10: 7.6 | H10: 0.2493 | I10: Espirito Santo
A11: 46007 | B11: JARDIM CAMBURI | C11: 4570.4 | D11: 37 | E11: 25.32 | F11: 0 | G11: 9 | H11: 0.27 | I11: Espirito Santo
A12: 46008 | B12: JARDIM CAMBURI | C12: 5883.76 | D12: 43 | E12: 30.21 | F12: 6 | G12: 21.5 | H12: 0.2195 | I12: Espirito Santo
A13: 46009 | B13: JARDIM CAMBURI | C13: 4630.88 | D13: 34 | E13: 24.22 | F13: 0 | G13: 11.33 | H13: 0.2004 | I13: Espirito Santo
A14: 46010 | B14: JARDIM CAMBURI | C14: 6095.54 | D14: 43 | E14: 44.26 | F14: 26 | G14: 7.16 | H14: 0.1983 | I14: Espirito Santo
A15: 46011 | B15: JARDIM CAMBURI | C15: 8513.69 | D15: 58 | E15: 42.17 | F15: 32 | G15: 9.66 | H15: 0.2667 | I15: Espirito Santo
A16: 46012 | B16: JARDIM CAMBURI | C16: 9305.84 | D16: 76 | E16: 45.21 | F16: 49 | G16: 15.2 | H16: 0.2832 | I16: Espirito Santo
A17: 46013 | B17: JARDIM CAMBURI | C17: 4625.08 | D17: 27 | E17: 30.43 | F17: 27 | G17: 13.5 | H17: 0.293 | I17: Espirito Santo
A18: 46014 | B18: JARDIM CAMBURI | C18: 7124.7 | D18: 53 | E18: 37.15 | F18: 21 | G18: 13.25 | H18: 0.2571 | I18: Espirito Santo
A19: 46015 | B19: JARDIM CAMBURI | I19: Espirito Santo | J19: FECHADA
A20: 46016 | B20: JARDIM CAMBURI | C20: 11014.04 | D20: 73 | E20: 38.9 | F20: 35 | G20: 12.16 | H20: 0.285 | I20: Espirito Santo
A21: 46017 | B21: JARDIM CAMBURI | C21: 5828.34 | D21: 41 | E21: 32.5 | F21: 7 | G21: 6.83 | H21: 0.253 | I21: Espirito Santo
A22: 46018 | B22: JARDIM CAMBURI | C22: 7283.94 | D22: 55 | E22: 32.19 | F22: 10 | G22: 11 | H22: 0.263 | I22: Espirito Santo
A23: 46019 | B23: JARDIM CAMBURI | C23: 8494.5 | D23: 69 | E23: 45.66 | F23: 49 | G23: 17.25 | H23: 0.2612 | I23: Espirito Santo
A24: 46020 | B24: JARDIM CAMBURI | C24: 5349.29 | D24: 50 | E24: 38 | F24: 4 | G24: 12.6 | H24: 0.2566 | I24: Espirito Santo
A25: 46021 | B25: JARDIM CAMBURI | C25: 9064.13 | D25: 85 | E25: 62 | F25: 30 | G25: 20.6 | H25: 0.2371 | I25: Espirito Santo
A26: 46022 | B26: JARDIM CAMBURI | I26: Espirito Santo | J26: FECHADA | K26: DATA | M26: S/ TX ENTREGA | N26: C/ TX ENTREGA | O26: TC | P26: TM | Q26: DATA | S26: FAT ORÇADO | T26: REALIZADO | U26: TM | V26: DIF | W26: TC ORÇADO | X26: REALIZADO | Y26: VAR
A27: 46023 | B27: JARDIM CAMBURI | C27: 11857.08 | D27: 118 | E27: 44.64 | F27: 50 | G27: 16.2 | H27: 0.235 | I27: Espirito Santo | K27: 45658 | L27: =K27 -> 45658 | M27: 13526.48 | N27: 14009.48 | O27: 148 | P27: =N27/O27 -> 94.658649 | Q27: 46023 | R27: =Q27 -> 46023 | S27: =N28*$AA$1 -> 6269.362 | T27: =C27 -> 11857.08 | U27: =T27/X27 -> 100.48373 | V27: =T27-S27 -> 5587.718 | W27: =O27*$AA$1 -> 162.8 | X27: =D27 -> 118 | Y27: =X27-W27 -> -44.8
A28: 46024 | B28: JARDIM CAMBURI | C28: 6300.62 | D28: 61 | E28: 18.26 | F28: 0 | G28: 9.8 | H28: 0.1955 | I28: Espirito Santo | K28: 45659 | L28: =K28 -> 45659 | M28: 5423.42 | N28: 5699.42 | O28: 57 | P28: =N28/O28 -> 99.989825 | Q28: 46024 | R28: =Q28 -> 46024 | S28: =N29*$AA$1 -> 7911.387 | T28: =C28 -> 6300.62 | U28: =T28/X28 -> 103.28885 | V28: =T28-S28 -> -1610.767 | W28: =O28*$AA$1 -> 62.7 | X28: =D28 -> 61 | Y28: =X28-W28 -> -1.7
A29: 46025 | B29: JARDIM CAMBURI | C29: 8678.8 | D29: 83 | E29: 28.27 | F29: 6 | G29: 15.75 | H29: 0.1938 | I29: Espirito Santo | K29: 45660 | L29: =K29 -> 45660 | M29: 6805.77 | N29: 7192.17 | O29: 86 | P29: =N29/O29 -> 83.629884 | Q29: 46025 | R29: =Q29 -> 46025 | S29: =N30*$AA$1 -> 6375.765 | T29: =C29 -> 8678.8 | U29: =T29/X29 -> 104.56386 | V29: =T29-S29 -> 2303.035 | W29: =O29*$AA$1 -> 94.6 | X29: =D29 -> 83 | Y29: =X29-W29 -> -11.6
A30: 46026 | B30: JARDIM CAMBURI | C30: 9619.7 | D30: 109 | E30: 48.25 | F30: 50 | G30: 17.75 | H30: 0.1985 | I30: Espirito Santo | K30: 45661 | L30: =K30 -> 45661 | M30: 5458.05 | N30: 5796.15 | O30: 75 | P30: =N30/O30 -> 77.282 | Q30: 46026 | R30: =Q30 -> 46026 | S30: =N31*$AA$1 -> 11055.429 | T30: =C30 -> 9619.7 | U30: =T30/X30 -> 88.254128 | V30: =T30-S30 -> -1435.729 | W30: =O30*$AA$1 -> 82.5 | X30: =D30 -> 109 | Y30: =X30-W30 -> 26.5
A31: 46027 | B31: JARDIM CAMBURI | C31: 6317.58 | D31: 64 | E31: 26.09 | F31: 2 | G31: 14.66 | H31: 0.2335 | I31: Espirito Santo | K31: 45662 | L31: =K31 -> 45662 | M31: 9505.29 | N31: 10050.39 | O31: 113 | P31: =N31/O31 -> 88.941504 | Q31: 46027 | R31: =Q31 -> 46027 | S31: =N32*$AA$1 -> 6934.169 | T31: =C31 -> 6317.58 | U31: =T31/X31 -> 98.712187 | V31: =T31-S31 -> -616.589 | W31: =O31*$AA$1 -> 124.3 | X31: =D31 -> 64 | Y31: =X31-W31 -> -60.3
A32: 46028 | B32: JARDIM CAMBURI | C32: 3743.66 | D32: 39 | E32: 22.44 | F32: 0 | G32: 8.66 | H32: 0.224 | I32: Espirito Santo | K32: 45663 | L32: =K32 -> 45663 | M32: 6124.39 | N32: 6303.79 | O32: 68 | P32: =N32/O32 -> 92.702794 | Q32: 46028 | R32: =Q32 -> 46028 | S32: =N33*$AA$1 -> 7889.068 | T32: =C32 -> 3743.66 | U32: =T32/X32 -> 95.991282 | V32: =T32-S32 -> -4145.408 | W32: =O32*$AA$1 -> 74.8 | X32: =D32 -> 39 | Y32: =X32-W32 -> -35.8
A33: 46029 | B33: JARDIM CAMBURI | C33: 4715.04 | D33: 43 | E33: 33.72 | F33: 4 | G33: 14.33 | H33: 0.3292 | I33: Espirito Santo | K33: 45664 | L33: =K33 -> 45664 | M33: 6840.68 | N33: 7171.88 | O33: 80 | P33: =N33/O33 -> 89.6485 | Q33: 46029 | R33: =Q33 -> 46029 | S33: =N34*$AA$1 -> 4411.11 | T33: =C33 -> 4715.04 | U33: =T33/X33 -> 109.65209 | V33: =T33-S33 -> 303.93 | W33: =O33*$AA$1 -> 88 | X33: =D33 -> 43 | Y33: =X33-W33 -> -45
A34: 46030 | B34: JARDIM CAMBURI | C34: 4664.38 | D34: 53 | E34: 22.63 | F34: 0 | G34: 13.66 | H34: 0.2532 | I34: Espirito Santo | K34: 45665 | L34: =K34 -> 45665 | M34: 3872.1 | N34: 4010.1 | O34: 51 | P34: =N34/O34 -> 78.629412 | Q34: 46030 | R34: =Q34 -> 46030 | S34: =N35*$AA$1 -> 6273.531 | T34: =C34 -> 4664.38 | U34: =T34/X34 -> 88.00717 | V34: =T34-S34 -> -1609.151 | W34: =O34*$AA$1 -> 56.1 | X34: =D34 -> 53 | Y34: =X34-W34 -> -3.1
A35: 46031 | B35: JARDIM CAMBURI | C35: 6018.23 | D35: 65 | E35: 26.8 | F35: 1 | G35: 8.33 | H35: 0.2807 | I35: Espirito Santo | K35: 45666 | L35: =K35 -> 45666 | M35: 5496.21 | N35: 5703.21 | O35: 65 | P35: =N35/O35 -> 87.741692 | Q35: 46031 | R35: =Q35 -> 46031 | S35: =N36*$AA$1 -> 8632.415 | T35: =C35 -> 6018.23 | U35: =T35/X35 -> 92.588154 | V35: =T35-S35 -> -2614.185 | W35: =O35*$AA$1 -> 71.5 | X35: =D35 -> 65 | Y35: =X35-W35 -> -6.5
A36: 46032 | B36: JARDIM CAMBURI | C36: 5960.7 | D36: 69 | E36: 31.8 | F36: 1 | G36: 9.2 | H36: 0.3193 | I36: Espirito Santo | K36: 45667 | L36: =K36 -> 45667 | M36: 7468.15 | N36: 7847.65 | O36: 77 | P36: =N36/O36 -> 101.91753 | Q36: 46032 | R36: =Q36 -> 46032 | S36: =N37*$AA$1 -> 7580.188 | T36: =C36 -> 5960.7 | U36: =T36/X36 -> 86.386957 | V36: =T36-S36 -> -1619.488 | W36: =O36*$AA$1 -> 84.7 | X36: =D36 -> 69 | Y36: =X36-W36 -> -15.7
A37: 46033 | B37: JARDIM CAMBURI | C37: 8625.74 | D37: 102 | E37: 28.69 | F37: 6 | G37: 15.75 | H37: 0.2915 | I37: Espirito Santo | K37: 45668 | L37: =K37 -> 45668 | M37: 6656.48 | N37: 6891.08 | O37: 80 | P37: =N37/O37 -> 86.1385 | Q37: 46033 | R37: =Q37 -> 46033 | S37: =N38*$AA$1 -> 8863.107 | T37: =C37 -> 8625.74 | U37: =T37/X37 -> 84.566078 | V37: =T37-S37 -> -237.367 | W37: =O37*$AA$1 -> 88 | X37: =D37 -> 102 | Y37: =X37-W37 -> 14
A38: 46034 | B38: JARDIM CAMBURI | C38: 3037.8 | D38: 31 | E38: 13.35 | F38: 0 | G38: 6.33 | H38: 0.2986 | I38: Espirito Santo | K38: 45669 | L38: =K38 -> 45669 | M38: 7767.57 | N38: 8057.37 | O38: 96 | P38: =N38/O38 -> 83.930937 | Q38: 46034 | R38: =Q38 -> 46034 | S38: =N39*$AA$1 -> 4119.94 | T38: =C38 -> 3037.8 | U38: =T38/X38 -> 97.993548 | V38: =T38-S38 -> -1082.14 | W38: =O38*$AA$1 -> 105.6 | X38: =D38 -> 31 | Y38: =X38-W38 -> -74.6
... A56: 46052 | B56: JARDIM CAMBURI | C56: 9426.49 | D56: 100 | E56: 31.76 | F56: 8 | G56: 13.6 | H56: 0.21 | I56: Espirito Santo | K56: 45687 | L56: =K56 -> 45687 | M56: 4632.64 | N56: 4756.84 | O56: 59 | P56: =N56/O56 -> 80.624407 | Q56: 46052 | R56: =Q56 -> 46052 | S56: =N57*$AA$1 -> 8252.816 | T56: =C56 -> 9426.49 | U56: =T56/X56 -> 94.2649 | V56: =T56-S56 -> 1173.674 | W56: =O56*$AA$1 -> 64.9 | X56: =D56 -> 100 | Y56: =X56-W56 -> 35.1
A57: 46053 | B57: JARDIM CAMBURI | C57: 8011.3 | D57: 86 | E57: 35.03 | F57: 3 | G57: 13 | H57: 0.2731 | I57: Espirito Santo | K57: 45688 | L57: =K57 -> 45688 | M57: 7288.66 | N57: 7502.56 | O57: 84 | P57: =N57/O57 -> 89.31619 | Q57: 46053 | R57: =Q57 -> 46053 | S57: =N59*$AA$1 -> 8945.145 | T57: =C57 -> 8011.3 | U57: =T57/X57 -> 93.154651 | V57: =T57-S57 -> -933.845 | W57: =O57*$AA$1 -> 92.4 | X57: =D57 -> 86 | Y57: =X57-W57 -> -6.4
A58: 46054 | B58: JARDIM CAMBURI | C58: 8609.44 | D58: 89 | E58: 29.48 | F58: 18 | G58: 13 | H58: 0.2944 | I58: Espirito Santo | K58: JANEIRO | L58: =K58 -> JANEIRO | M58: =SUM(M27:M57) -> 180611.11 | N58: =SUM(N27:N57) -> 187124.71 | O58: =SUM(O27:O57) -> 2186 | P58: =MEDIAN(P27:P57) -> 84.014894 | Q58: JANEIRO | R58: TOTAL | S58: =N58*$AA$1 -> 205837.18 | T58: =SUM(T27:T57) -> 188346.77 | U58: =T58/X58 -> 93.938539 | V58: =SUM(V27:V57) -> -11025.128 | W58: =SUM(W27:W57) -> 2404.6 | X58: =SUM(X27:X57) -> 2005 | Y58: =SUM(Y27:Y57) -> -399.6 | Z58: =SUM(T52:T57,T59) -> 34361.59
A59: 46055 | B59: JARDIM CAMBURI | C59: 3279.14 | D59: 40 | E59: 24.85 | F59: 0 | G59: 10 | H59: 0.2415 | I59: Espirito Santo | K59: 45689 | L59: =K59 -> 45689 | M59: 7842.15 | N59: 8131.95 | O59: 88 | P59: =N59/O59 -> 92.408523 | Q59: 46054 | R59: =Q59 -> 46054 | S59: =N60*$AA$1 -> 7628.522 | T59: =C59 -> 3279.14 | U59: =T59/X59 -> 81.9785 | V59: =T59-S59 -> -4349.382 | W59: =O59*$AA$1 -> 96.8 | X59: =D59 -> 40 | Y59: =X59-W59 -> -56.8
A60: 46056 | B60: JARDIM CAMBURI | C60: 5010.01 | D60: 52 | E60: 34.92 | F60: 9 | G60: 13.66 | H60: 0.2679 | I60: Espirito Santo | K60: 45690 | L60: =K60 -> 45690 | M60: 6734.92 | N60: 6935.02 | O60: 88 | P60: =N60/O60 -> 78.807045 | Q60: 46055 | R60: =Q60 -> 46055 | S60: =N61*$AA$1 -> 2735.612 | T60: =C60 -> 5010.01 | U60: =T60/X60 -> 96.346346 | V60: =T60-S60 -> 2274.398 | W60: =O60*$AA$1 -> 96.8 | X60: =D60 -> 52 | Y60: =X60-W60 -> -44.8
A61: 46057 | B61: JARDIM CAMBURI | C61: 2929.14 | D61: 35 | E61: 30.14 | F61: 1 | G61: 9.33 | H61: 0.2346 | I61: Espirito Santo | K61: 45691 | L61: =K61 -> 45691 | M61: 2411.02 | N61: 2486.92 | O61: 33 | P61: =N61/O61 -> 75.361212 | Q61: 46056 | R61: =Q61 -> 46056 | S61: =N62*$AA$1 -> 3263.678 | T61: =C61 -> 2929.14 | U61: =T61/X61 -> 83.689714 | V61: =T61-S61 -> -334.538 | W61: =O61*$AA$1 -> 36.3 | X61: =D61 -> 35 | Y61: =X61-W61 -> -1.3
A62: 46058 | B62: JARDIM CAMBURI | C62: 3307.08 | D62: 35 | E62: 29.67 | F62: 2 | G62: 9 | H62: 0.225 | I62: Espirito Santo | K62: 45692 | L62: =K62 -> 45692 | M62: 2884.18 | N62: 2966.98 | O62: 40 | P62: =N62/O62 -> 74.1745 | Q62: 46057 | R62: =Q62 -> 46057 | S62: =N63*$AA$1 -> 3526.446 | T62: =C62 -> 3307.08 | U62: =T62/X62 -> 94.488 | V62: =T62-S62 -> -219.366 | W62: =O62*$AA$1 -> 44 | X62: =D62 -> 35 | Y62: =X62-W62 -> -9
A63: 46059 | B63: JARDIM CAMBURI | C63: 8217.44 | D63: 89 | E63: 40.05 | F63: 30 | G63: 12.4 | H63: 0.2382 | I63: Espirito Santo | K63: 45693 | L63: =K63 -> 45693 | M63: 3129.96 | N63: 3205.86 | O63: 42 | P63: =N63/O63 -> 76.33 | Q63: 46058 | R63: =Q63 -> 46058 | S63: =N64*$AA$1 -> 4487.395 | T63: =C63 -> 8217.44 | U63: =T63/X63 -> 92.330787 | V63: =T63-S63 -> 3730.045 | W63: =O63*$AA$1 -> 46.2 | X63: =D63 -> 89 | Y63: =X63-W63 -> 42.8
A64: 46060 | B64: JARDIM CAMBURI | C64: 7621.82 | D64: 75 | E64: 38.1 | F64: 22 | G64: 13 | H64: 0.2107 | I64: Espirito Santo | K64: 45694 | L64: =K64 -> 45694 | M64: 3975.95 | N64: 4079.45 | O64: 51 | P64: =N64/O64 -> 79.989216 | Q64: 46059 | R64: =Q64 -> 46059 | S64: =N65*$AA$1 -> 7139.858 | T64: =C64 -> 7621.82 | U64: =T64/X64 -> 101.62427 | V64: =T64-S64 -> 481.962 | W64: =O64*$AA$1 -> 56.1 | X64: =D64 -> 75 | Y64: =X64-W64 -> 18.9
A65: 46061 | B65: JARDIM CAMBURI | C65: 6712.44 | D65: 79 | E65: 37.05 | F65: 22 | G65: 12 | H65: 0.2768 | I65: Espirito Santo | K65: 45695 | L65: =K65 -> 45695 | M65: 6338.98 | N65: 6490.78 | O65: 74 | P65: =N65/O65 -> 87.713243 | Q65: 46060 | R65: =Q65 -> 46060 | S65: =N66*$AA$1 -> 7551.203 | T65: =C65 -> 6712.44 | U65: =T65/X65 -> 84.967595 | V65: =T65-S65 -> -838.763 | W65: =O65*$AA$1 -> 81.4 | X65: =D65 -> 79 | Y65: =X65-W65 -> -2.4
A66: 46062 | B66: JARDIM CAMBURI | C66: 2283.18 | D66: 23 | E66: 28.04 | F66: 1 | G66: 5 | H66: 0.2347 | I66: Espirito Santo | K66: 45696 | L66: =K66 -> 45696 | M66: 6712.93 | N66: 6864.73 | O66: 80 | P66: =N66/O66 -> 85.809125 | Q66: 46061 | R66: =Q66 -> 46061 | S66: =N67*$AA$1 -> 8490.537 | T66: =C66 -> 2283.18 | U66: =T66/X66 -> 99.268696 | V66: =T66-S66 -> -6207.357 | W66: =O66*$AA$1 -> 88 | X66: =D66 -> 23 | Y66: =X66-W66 -> -65
A67: 46063 | B67: JARDIM CAMBURI | C67: 3030.4 | D67: 36 | E67: 31.27 | F67: 0 | G67: 6.25 | H67: 0.2734 | I67: Espirito Santo | K67: 45697 | L67: =K67 -> 45697 | M67: 7525.47 | N67: 7718.67 | O67: 96 | P67: =N67/O67 -> 80.402812 | Q67: 46062 | R67: =Q67 -> 46062 | S67: =N68*$AA$1 -> 3662.329 | T67: =C67 -> 3030.4 | U67: =T67/X67 -> 84.177778 | V67: =T67-S67 -> -631.929 | W67: =O67*$AA$1 -> 105.6 | X67: =D67 -> 36 | Y67: =X67-W67 -> -69.6
A68: 46064 | B68: JARDIM CAMBURI | C68: 3093.9 | D68: 26 | E68: 31.18 | F68: 3 | G68: 8.66 | H68: 0.2832 | I68: Espirito Santo | K68: 45698 | L68: =K68 -> 45698 | M68: 3281.09 | N68: 3329.39 | O68: 38 | P68: =N68/O68 -> 87.615526 | Q68: 46063 | R68: =Q68 -> 46063 | S68: =N69*$AA$1 -> 4145.68 | T68: =C68 -> 3093.9 | U68: =T68/X68 -> 118.99615 | V68: =T68-S68 -> -1051.78 | W68: =O68*$AA$1 -> 41.8 | X68: =D68 -> 26 | Y68: =X68-W68 -> -15.8
A69: 46065 | B69: JARDIM CAMBURI | C69: 2960.88 | D69: 37 | E69: 28.98 | F69: 3 | G69: 8.33 | H69: 0.2616 | I69: Espirito Santo | K69: 45699 | L69: =K69 -> 45699 | M69: 3644.6 | N69: 3768.8 | O69: 47 | P69: =N69/O69 -> 80.187234 | Q69: 46064 | R69: =Q69 -> 46064 | S69: =N70*$AA$1 -> 3525.61 | T69: =C69 -> 2960.88 | U69: =T69/X69 -> 80.023784 | V69: =T69-S69 -> -564.73 | W69: =O69*$AA$1 -> 51.7 | X69: =D69 -> 37 | Y69: =X69-W69 -> -14.7
A70: 46066 | B70: JARDIM CAMBURI | C70: 5668 | D70: 62 | E70: 35.76 | F70: 3 | G70: 10.2 | H70: 0.3032 | I70: Espirito Santo | K70: 45700 | L70: =K70 -> 45700 | M70: 3149.9 | N70: 3205.1 | O70: 42 | P70: =N70/O70 -> 76.311905 | Q70: 46065 | R70: =Q70 -> 46065 | S70: =N71*$AA$1 -> 2674.573 | T70: =C70 -> 5668 | U70: =T70/X70 -> 91.419355 | V70: =T70-S70 -> 2993.427 | W70: =O70*$AA$1 -> 46.2 | X70: =D70 -> 62 | Y70: =X70-W70 -> 15.8
... A82: 46078 | B82: JARDIM CAMBURI | C82: 4100.94 | D82: 49 | E82: 29.29 | F82: 0 | G82: 16.33 | H82: 0.31394 | I82: Espirito Santo | K82: 45712 | L82: =K82 -> 45712 | M82: 2238.95 | N82: 2294.15 | O82: 29 | P82: =N82/O82 -> 79.108621 | Q82: 46077 | R82: =Q82 -> 46077 | S82: =N83*$AA$1 -> 3389.54 | T82: =C82 -> 4100.94 | U82: =T82/X82 -> 83.692653 | V82: =T82-S82 -> 711.4 | W82: =O82*$AA$1 -> 31.9 | X82: =D82 -> 49 | Y82: =X82-W82 -> 17.1
A83: 46079 | B83: JARDIM CAMBURI | C83: 4686.48 | D83: 45 | E83: 30.44 | F83: 3 | G83: 11.33 | H83: 0.2342 | I83: Espirito Santo | K83: 45713 | L83: =K83 -> 45713 | M83: 1729.68 | N83: 3081.4 | O83: 39 | P83: =N83/O83 -> 79.010256 | Q83: 46078 | R83: =Q83 -> 46078 | S83: =N84*$AA$1 -> 1902.648 | T83: =C83 -> 4686.48 | U83: =T83/X83 -> 104.144 | V83: =T83-S83 -> 2783.832 | W83: =O84*$AA$1 -> 23.1 | X83: =D83 -> 45 | Y83: =X83-W83 -> 21.9
A84: 46080 | B84: JARDIM CAMBURI | C84: 9059.76 | D84: 96 | E84: 35.74 | F84: 15 | G84: 17.75 | H84: 0.2536 | I84: Espirito Santo | K84: 45714 | L84: =K84 -> 45714 | M84: 4957.58 | N84: 1729.68 | O84: 21 | P84: =N84/O84 -> 82.365714 | Q84: 46079 | R84: =Q84 -> 46079 | S84: =N85*$AA$1 -> 5552.008 | T84: =C84 -> 9059.76 | U84: =T84/X84 -> 94.3725 | V84: =T84-S84 -> 3507.752 | W84: =O85*$AA$1 -> 69.3 | X84: =D84 -> 96 | Y84: =X84-W84 -> 26.7
A85: 46081 | B85: JARDIM CAMBURI | C85: 9459 | D85: 97 | E85: 32.24 | F85: 8 | G85: 11.66 | H85: 0.2632 | I85: Espirito Santo | K85: 45715 | L85: =K85 -> 45715 | M85: 7815.11 | N85: 5047.28 | O85: 63 | P85: =N85/O85 -> 80.115556 | Q85: 46080 | R85: =Q85 -> 46080 | S85: =N86*$AA$1 -> 8869.861 | T85: =C85 -> 9459 | U85: =T85/X85 -> 97.515464 | V85: =T85-S85 -> 589.139 | W85: =O86*$AA$1 -> 103.4 | X85: =D85 -> 97 | Y85: =X85-W85 -> -6.4
A86: 46082 | B86: JARDIM CAMBURI | C86: 8588.02 | D86: 98 | E86: 28.39 | F86: 11 | G86: 11 | H86: 0.2631 | I86: Espirito Santo | K86: 45716 | L86: =K86 -> 45716 | N86: 8063.51 | O86: 94 | P86: =N86/O86 -> 85.782021 | Q86: 46081 | R86: =Q86 -> 46081 | S86: =N88*$AA$1 -> 6827.744 | T86: =C85 -> 9459 | U86: =T86/X86 -> 96.520408 | V86: =T86-S86 -> 2631.256 | W86: =O88*$AA$1 -> 79.2 | X86: =D86 -> 98 | Y86: =X86-W86 -> 18.8
A87: 46083 | B87: JARDIM CAMBURI | C87: 1918.28 | D87: 24 | E87: 27.62 | F87: 2 | G87: 5.33 | H87: 0.2634 | I87: Espirito Santo | K87: FEVEREIRO | L87: =K87 -> FEVEREIRO | M87: =SUM(M59:M85) -> 126034.53 | N87: =SUM(N59:N86) -> 132565.93 | O87: =SUM(O59:O86) -> 1628 | P87: =MEDIAN(P59:P86) -> 80.047685 | Q87: TOTAL | R87: =Q87 -> TOTAL | S87: =SUM(S59:S86) -> 143705.12 | T87: =SUM(T59:T85) -> 140543.94 | U87: =T87/W87 -> 76.921865 | V87: =SUM(V59:V86) -> 6297.818 | W87: =SUM(W59:W86) -> 1827.1 | X87: =SUM(X59:X86) -> 1617 | Y87: =SUM(Y59:Y86) -> -210.1
A88: 46084 | B88: JARDIM CAMBURI | C88: 3618 | D88: 35 | E88: 25.91 | F88: 3 | G88: 7.25 | H88: 0.2632 | I88: Espirito Santo | K88: 45717 | L88: =K88 -> 45717 | M88: 6013.84 | N88: 6207.04 | O88: 72 | P88: =N88/O88 -> 86.208889 | Q88: 46082 | R88: =Q88 -> 46082 | S88: =N89*$AA$1 -> 9407.233 | T88: =C86 -> 8588.02 | U88: =T88/X88 -> 87.632857 | V88: =T88-S88 -> -819.213 | W88: =O89*$AA$1 -> 101.2 | X88: =D86 -> 98 | Y88: =X88-W88 -> -3.2
A89: 46085 | B89: JARDIM CAMBURI | C89: 2150 | D89: 27 | E89: 22.92 | F89: 0 | G89: 6 | H89: 0.2532 | I89: Espirito Santo | K89: 45718 | L89: =K89 -> 45718 | M89: 8289.83 | N89: 8552.03 | O89: 92 | P89: =N89/O89 -> 92.956848 | Q89: 46083 | R89: =Q89 -> 46083 | S89: =N90*$AA$1 -> 8605.894 | T89: =C87 -> 1918.28 | U89: =T89/X89 -> 79.928333 | V89: =T89-S89 -> -6687.614 | W89: =O90*$AA$1 -> 95.7 | X89: =D87 -> 24 | Y89: =X89-W89 -> -71.7
A90: 46086 | B90: JARDIM CAMBURI | C90: 3009.77 | D90: 35 | E90: 28.05 | F90: 2 | G90: 9 | H90: 0.2348 | I90: Espirito Santo | K90: 45719 | L90: =K90 -> 45719 | M90: 7671.74 | N90: 7823.54 | O90: 87 | P90: =N90/O90 -> 89.925747 | Q90: 46084 | R90: =Q90 -> 46084 | S90: =N91*$AA$1 -> 10285.308 | T90: =C88 -> 3618 | U90: =T90/X90 -> 103.37143 | V90: =T90-S90 -> -6667.308 | W90: =O91*$AA$1 -> 114.4 | X90: =D88 -> 35 | Y90: =X90-W90 -> -79.4
A91: 46087 | B91: JARDIM CAMBURI | C91: 5292.86 | D91: 60 | E91: 31.52 | F91: 7 | G91: 9.4 | H91: 0.1866 | I91: Espirito Santo | K91: 45720 | L91: =K91 -> 45720 | M91: 9053.58 | N91: 9350.28 | O91: 104 | P91: =N91/O91 -> 89.906538 | Q91: 46085 | R91: =Q91 -> 46085 | S91: =N92*$AA$1 -> 5781.028 | T91: =C89 -> 2150 | U91: =T91/X91 -> 79.62963 | V91: =T91-S91 -> -3631.028 | W91: =O92*$AA$1 -> 68.2 | X91: =D89 -> 27 | Y91: =X91-W91 -> -41.2
A92: 46088 | B92: JARDIM CAMBURI | C92: 6005.68 | D92: 72 | E92: 27.43 | F92: 3 | G92: 17 | H92: 0.2603 | I92: Espirito Santo | K92: 45721 | L92: =K92 -> 45721 | M92: 5062.28 | N92: 5255.48 | O92: 62 | P92: =N92/O92 -> 84.765806 | Q92: 46086 | R92: =Q92 -> 46086 | S92: =N93*$AA$1 -> 4186.941 | T92: =C90 -> 3009.77 | U92: =T92/X92 -> 85.993429 | V92: =T92-S92 -> -1177.171 | W92: =O93*$AA$1 -> 45.1 | X92: =D90 -> 35 | Y92: =X92-W92 -> -10.1
A93: 46089 | B93: JARDIM CAMBURI | C93: 7083.82 | D93: 84 | E93: 33.19 | F93: 6 | G93: 11.6 | H93: 0.2632 | I93: Espirito Santo | K93: 45722 | L93: =K93 -> 45722 | M93: 3695.91 | N93: 3806.31 | O93: 41 | P93: =N93/O93 -> 92.836829 | Q93: 46087 | R93: =Q93 -> 46087 | S93: =N94*$AA$1 -> 6071.791 | T93: =C91 -> 5292.86 | U93: =T93/X93 -> 88.214333 | V93: =T93-S93 -> -778.931 | W93: =O94*$AA$1 -> 78.1 | X93: =D91 -> 60 | Y93: =X93-W93 -> -18.1
A94: 46090 | B94: JARDIM CAMBURI | C94: 2706.28 | D94: 29 | E94: 21.87 | F94: 2 | G94: 7 | H94: 0.2576 | I94: Espirito Santo | K94: 45723 | L94: =K94 -> 45723 | M94: 5312.81 | N94: 5519.81 | O94: 71 | P94: =N94/O94 -> 77.743803 | Q94: 46088 | R94: =Q94 -> 46088 | S94: =N95*$AA$1 -> 7268.305 | T94: =C92 -> 6005.68 | U94: =T94/X94 -> 83.412222 | V94: =T94-S94 -> -1262.625 | W94: =O95*$AA$1 -> 94.6 | X94: =D92 -> 72 | Y94: =X94-W94 -> -22.6
A95: 46091 | B95: JARDIM CAMBURI | C95: 3805.96 | D95: 23 | E95: 12.98 | F95: 0 | G95: 5.75 | H95: 0.3239 | I95: Espirito Santo | K95: 45724 | L95: =K95 -> 45724 | M95: 6421.25 | N95: 6607.55 | O95: 86 | P95: =N95/O95 -> 76.831977 | Q95: 46089 | R95: =Q95 -> 46089 | S95: =N96*$AA$1 -> 7232.005 | T95: =C93 -> 7083.82 | U95: =T95/X95 -> 84.33119 | V95: =T95-S95 -> -148.185 | W95: =O96*$AA$1 -> 96.8 | X95: =D93 -> 84 | Y95: =X95-W95 -> -12.8
A96: 46092 | B96: JARDIM CAMBURI | C96: 2445.12 | D96: 21 | E96: 21.79 | F96: 0 | G96: 7 | H96: 0.3076 | I96: Espirito Santo | K96: 45725 | L96: =K96 -> 45725 | M96: 6381.35 | N96: 6574.55 | O96: 88 | P96: =N96/O96 -> 74.710795 | Q96: 46090 | R96: =Q96 -> 46090 | S96: =N97*$AA$1 -> 6170.406 | T96: =C94 -> 2706.28 | U96: =T96/X96 -> 93.32 | V96: =T96-S96 -> -3464.126 | W96: =O97*$AA$1 -> 63.8 | X96: =D94 -> 29 | Y96: =X96-W96 -> -34.8
A97: 46093 | B97: JARDIM CAMBURI | C97: 3754.86 | D97: 44 | E97: 16.27 | F97: 0 | G97: 8 | H97: 0.3045 | I97: Espirito Santo | K97: 45726 | L97: =K97 -> 45726 | M97: 5526.66 | N97: 5609.46 | O97: 58 | P97: =N97/O97 -> 96.714828 | Q97: 46091 | R97: =Q97 -> 46091 | S97: =N98*$AA$1 -> 5143.435 | T97: =C95 -> 3805.96 | U97: =T97/X97 -> 165.47652 | V97: =T97-S97 -> -1337.475 | W97: =O98*$AA$1 -> 53.9 | X97: =D95 -> 23 | Y97: =X97-W97 -> -30.9
A98: 46094 | B98: JARDIM CAMBURI | C98: 6712.36 | D98: 73 | E98: 41.28 | F98: 28 | G98: 8 | H98: 0.291 | I98: Espirito Santo | K98: 45727 | L98: =K98 -> 45727 | M98: 4558.55 | N98: 4675.85 | O98: 49 | P98: =N98/O98 -> 95.42551 | Q98: 46092 | R98: =Q98 -> 46092 | S98: =N99*$AA$1 -> 3746.248 | T98: =C96 -> 2445.12 | U98: =T98/X98 -> 116.43429 | V98: =T98-S98 -> -1301.128 | W98: =O99*$AA$1 -> 42.9 | X98: =D96 -> 21 | Y98: =X98-W98 -> -21.9
A99: 46095 | B99: JARDIM CAMBURI | C99: 10514.01 | D99: 98 | E99: 52.57 | F99: 57 | G99: 12.8 | H99: 0.3138 | I99: Espirito Santo | K99: 45728 | L99: =K99 -> 45728 | M99: 3322.88 | N99: 3405.68 | O99: 39 | P99: =N99/O99 -> 87.325128 | Q99: 46093 | R99: =Q99 -> 46093 | S99: =N100*$AA$1 -> 4833.829 | T99: =C97 -> 3754.86 | U99: =T99/X99 -> 85.337727 | V99: =T99-S99 -> -1078.969 | W99: =O100*$AA$1 -> 60.5 | X99: =D97 -> 44 | Y99: =X99-W99 -> -16.5
... A115: 46111 | B115: JARDIM CAMBURI | C115: 1918.81 | D115: 23 | E115: 22.47 | F115: 3 | G115: 6.33 | H115: 0.2841 | I115: Espirito Santo | K115: 45744 | L115: =K115 -> 45744 | M115: 7747.61 | N115: 8009.81 | O115: 94 | P115: =N115/O115 -> 85.210745 | Q115: 46109 | R115: =Q115 -> 46109 | S115: =N116*$AA$1 -> 10040.822 | T115: =C113 -> 7929.94 | U115: =T115/X115 -> 100.37899 | V115: =T115-S115 -> -2110.882 | W115: =O116*$AA$1 -> 112.2 | X115: =D113 -> 79 | Y115: =X115-W115 -> -33.2
A116: 46112 | B116: JARDIM CAMBURI | C116: 4076.4 | D116: 38 | E116: 19.71 | F116: 0 | G116: 9.33 | H116: 0.3248 | I116: Espirito Santo | K116: 45745 | L116: =K116 -> 45745 | M116: 8845.12 | N116: 9128.02 | O116: 102 | P116: =N116/O116 -> 89.490392 | Q116: 46110 | R116: =Q116 -> 46110 | S116: =N118*$AA$1 -> 7943.925 | T116: =C114 -> 6700.47 | U116: =T116/X116 -> 87.019091 | V116: =T116-S116 -> -1243.455 | W116: =O118*$AA$1 -> 94.6 | X116: =D114 -> 77 | Y116: =X116-W116 -> -17.6
A118: 46113 | B118: JARDIM CAMBURI | C118: 3951.14 | D118: 42 | E118: 17.89 | F118: 0 | G118: 8.33 | H118: 0.3079 | I118: Espirito Santo | K118: 45746 | L118: =K118 -> 45746 | M118: 6980.25 | N118: 7221.75 | O118: 86 | P118: =N118/O118 -> 83.973837 | Q118: 46111 | R118: =Q118 -> 46111 | S118: =N119*$AA$1 -> 4280.815 | T118: =C115 -> 1918.81 | U118: =T118/X118 -> 83.426522 | V118: =T118-S118 -> -2362.005 | W118: =O119*$AA$1 -> 52.8 | X118: =D115 -> 23 | Y118: =X118-W118 -> -29.8
A119: 46114 | B119: JARDIM CAMBURI | C119: 6282.93 | D119: 65 | E119: 40.97 | F119: 22 | G119: 15.33 | H119: 0.3227 | I119: Espirito Santo | K119: 45747 | L119: =K119 -> 45747 | M119: 3801.95 | N119: 3891.65 | O119: 48 | P119: =N119/O119 -> 81.076042 | Q119: 46112 | R119: =Q119 -> 46112 | S119: =N121*$AA$1 -> 5618.668 | T119: =C116 -> 4076.4 | U119: =T119/X119 -> 107.27368 | V119: =T119-S119 -> -1542.268 | W119: =O121*$AA$1 -> 59.4 | X119: =D116 -> 38 | Y119: =X119-W119 -> -21.4
A120: 46115 | B120: JARDIM CAMBURI | C120: 4801.83 | D120: 49 | E120: 18.79 | F120: 0 | G120: 7.2 | H120: 0.299 | I120: Espirito Santo | K120: MARÇO | L120: DIA SEMANA | M120: =SUM(M88:M119) -> 180083.39 | N120: =SUM(N88:N119) -> 185617.19 | O120: =SUM(O88:O119) -> 2190 | P120: =N120/O120 -> 84.756708 | S120: =SUM(S88:S119) -> 202969.83 | T120: =SUM(T92:T119) -> 131823.86 | U120: =T120/X120 -> 83.697689 | V120: =SUM(V88:V119) -> -54871.673 | W120: =SUM(W88:W119) -> 2389.2 | X120: =SUM(X88:X119) -> 1575 | Y120: =SUM(Y88:Y119) -> -814.2
A121: 46116 | B121: JARDIM CAMBURI | C121: 4479.31 | D121: 49 | E121: 29.47 | F121: 5 | G121: 7.5 | H121: 0.3208 | I121: Espirito Santo | K121: 45748 | L121: =K121 -> 45748 | M121: 4942.28 | N121: 5107.88 | O121: 54 | P121: =N121/O121 -> 94.59037 | Q121: 46113 | R121: =Q121 -> 46113 | S121: =N122*$AA$1 -> 3697.397 | T121: =C118 -> 3951.14 | U121: =T121/X121 -> 94.074762 | V121: =T121-S121 -> 253.743 | W121: =O121*$AA$1 -> 59.4 | X121: =D118 -> 42 | Y121: =X121-W121 -> -17.4
A122: 46117 | B122: JARDIM CAMBURI | C122: 4695.68 | D122: 58 | E122: 17.37 | F122: 0 | G122: 9.25 | H122: 0.3033 | I122: Espirito Santo | K122: 45749 | L122: =K122 -> 45749 | M122: 3271.57 | N122: 3361.27 | O122: 47 | P122: =N122/O122 -> 71.516383 | Q122: 46114 | R122: =Q122 -> 46114 | S122: =N123*$AA$1 -> 3271.84 | T122: =C119 -> 6282.93 | U122: =T122/X122 -> 96.660462 | V122: =T122-S122 -> 3011.09 | W122: =O122*$AA$1 -> 51.7 | X122: =D119 -> 65 | Y122: =X122-W122 -> 13.3
A123: 46118 | B123: JARDIM CAMBURI | C123: 1326.26 | D123: 17 | E123: 20.2 | F123: 0 | G123: 4 | H123: 0.3165 | I123: Espirito Santo | K123: 45750 | L123: =K123 -> 45750 | M123: 2912.3 | N123: 2974.4 | O123: 38 | P123: =N123/O123 -> 78.273684 | Q123: 46115 | R123: =Q123 -> 46115 | S123: =N130*$AA$1 -> 8229.969 | T123: =C120 -> 4801.83 | U123: =T123/X123 -> 97.996531 | V123: =T123-S123 -> -3428.139 | W123: =O123*$AA$1 -> 41.8 | X123: =D120 -> 49 | Y123: =X123-W123 -> 7.2
A124: 46119 | B124: JARDIM CAMBURI | C124: 3169.3 | D124: 34 | E124: 27.65 | F124: 6 | G124: 11 | H124: 0.3662 | I124: Espirito Santo | K124: 45751 | L124: =K124 -> 45751 | M124: 8794.8 | N124: 9084.6 | O124: 94 | P124: =N124/O124 -> 96.644681 | Q124: 46116 | R124: =Q124 -> 46116 | S124: =N124*$AA$1 -> 9993.06 | T124: =C121 -> 4479.31 | U124: =T124/X124 -> 91.41449 | V124: =T124-S124 -> -5513.75 | W124: =O124*$AA$1 -> 103.4 | X124: =D121 -> 49 | Y124: =X124-W124 -> -54.4
A125: 46120 | B125: JARDIM CAMBURI | C125: 2818.89 | D125: 31 | E125: 55.49 | F125: 14 | G125: 11.05 | H125: 4.0555 | I125: Espirito Santo | K125: 45752 | L125: =K125 -> 45752 | M125: 11048.42 | N125: 11614.22 | O125: 127 | P125: =N125/O125 -> 91.450551 | Q125: 46117 | R125: =Q125 -> 46117 | S125: =N125*$AA$1 -> 12775.642 | T125: =C122 -> 4695.68 | U125: =T125/X125 -> 80.96 | V125: =T125-S125 -> -8079.962 | W125: =O125*$AA$1 -> 139.7 | X125: =D122 -> 58 | Y125: =X125-W125 -> -81.7
A126: 46121 | B126: JARDIM CAMBURI | C126: 2571.27 | D126: 30 | E126: 23.33 | F126: 0 | G126: 11 | H126: 0.6079 | I126: Espirito Santo | K126: 45753 | L126: =K126 -> 45753 | M126: 3323.1 | N126: 3412.8 | O126: 36 | P126: =N126/O126 -> 94.8 | Q126: 46118 | R126: =Q126 -> 46118 | S126: =N126*$AA$1 -> 3754.08 | T126: =C123 -> 1326.26 | U126: =T126/X126 -> 78.015294 | V126: =T126-S126 -> -2427.82 | W126: =O126*$AA$1 -> 39.6 | X126: =D123 -> 17 | Y126: =X126-W126 -> -22.6
A127: 46122 | B127: JARDIM CAMBURI | C127: 5542.08 | D127: 61 | E127: 31.65 | F127: 4 | G127: 8.6 | H127: 0.5 | I127: Espirito Santo | K127: 45754 | L127: =K127 -> 45754 | M127: 4810.33 | N127: 5003.53 | O127: 56 | P127: =N127/O127 -> 89.34875 | Q127: 46119 | R127: =Q127 -> 46119 | S127: =N127*$AA$1 -> 5503.883 | T127: =C124 -> 3169.3 | U127: =T127/X127 -> 93.214706 | V127: =T127-S127 -> -2334.583 | W127: =O127*$AA$1 -> 61.6 | X127: =D124 -> 34 | Y127: =X127-W127 -> -27.6
A128: 46123 | B128: JARDIM CAMBURI | C128: 7706.37 | D128: 80 | E128: 32.04 | F128: 9 | G128: 17.66 | H128: -0.0668 | I128: Espirito Santo | K128: 45755 | L128: =K128 -> 45755 | M128: 2914.26 | N128: 3045.36 | O128: 42 | P128: =N128/O128 -> 72.508571 | Q128: 46120 | R128: =Q128 -> 46120 | S128: =N128*$AA$1 -> 3349.896 | T128: =C125 -> 2818.89 | U128: =T128/X128 -> 90.931935 | V128: =T128-S128 -> -531.006 | W128: =O128*$AA$1 -> 46.2 | X128: =D125 -> 31 | Y128: =X128-W128 -> -15.2
A129: 46124 | B129: JARDIM CAMBURI | C129: 8451.73 | D129: 96 | E129: 29.98 | F129: 22 | G129: 17.25 | H129: 0.3084 | I129: Espirito Santo | K129: 45756 | L129: =K129 -> 45756 | M129: 6134.44 | N129: 6300.04 | O129: 73 | P129: =N129/O129 -> 86.301918 | Q129: 46121 | R129: =Q129 -> 46121 | S129: =N129*$AA$1 -> 6930.044 | T129: =C126 -> 2571.27 | U129: =T129/X129 -> 85.709 | V129: =T129-S129 -> -4358.774 | W129: =O129*$AA$1 -> 80.3 | X129: =D126 -> 30 | Y129: =X129-W129 -> -50.3
A130: 46125 | B130: JARDIM CAMBURI | C130: 6532.44 | D130: 79 | E130: 31.68 | F130: 14 | G130: 18.33 | H130: 0.4788 | I130: Espirito Santo | K130: 45757 | L130: =K130 -> 45757 | M130: 7254.09 | N130: 7481.79 | O130: 83 | P130: =N130/O130 -> 90.142048 | Q130: 46122 | R130: =Q130 -> 46122 | S130: =N130*$AA$1 -> 8229.969 | T130: =C127 -> 5542.08 | U130: =T130/X130 -> 90.85377 | V130: =T130-S130 -> -2687.889 | W130: =O130*$AA$1 -> 91.3 | X130: =D127 -> 61 | Y130: =X130-W130 -> -30.3
A131: 46126 | B131: JARDIM CAMBURI | C131: 2793.09 | D131: 26 | E131: 19.86 | F131: 0 | G131: 5.66 | H131: 0.2143 | I131: Espirito Santo | K131: 45758 | L131: =K131 -> 45758 | M131: 8690.2 | N131: 9131.8 | O131: 95 | P131: =N131/O131 -> 96.124211 | Q131: 46123 | R131: =Q131 -> 46123 | S131: =N131*$AA$1 -> 10044.98 | T131: =C128 -> 7706.37 | U131: =T131/X131 -> 96.329625 | V131: =T131-S131 -> -2338.61 | W131: =O131*$AA$1 -> 104.5 | X131: =D128 -> 80 | Y131: =X131-W131 -> -24.5
A132: 46127 | B132: JARDIM CAMBURI | C132: 2384.93 | D132: 28 | E132: 21.72 | F132: 0 | G132: 8.5 | H132: 0.4323 | I132: Espirito Santo | K132: 45759 | L132: =K132 -> 45759 | M132: 7700.73 | N132: 8114.73 | O132: 101 | P132: =N132/O132 -> 80.343861 | Q132: 46124 | R132: =Q132 -> 46124 | S132: =N132*$AA$1 -> 8926.203 | T132: =C129 -> 8451.73 | U132: =T132/X132 -> 88.038854 | V132: =T132-S132 -> -474.473 | W132: =O132*$AA$1 -> 111.1 | X132: =D129 -> 96 | Y132: =X132-W132 -> -15.1
A133: 46128 | B133: JARDIM CAMBURI | C133: 2461.3 | D133: 27 | E133: 21.12 | F133: 6 | G133: 9.5 | H133: 0.0057 | I133: Espirito Santo | K133: 45760 | L133: =K133 -> 45760 | M133: 2419.56 | N133: 2516.16 | O133: 32 | P133: =N133/O133 -> 78.63 | Q133: 46125 | R133: =Q133 -> 46125 | S133: =N133*$AA$1 -> 2767.776 | T133: =C130 -> 6532.44 | U133: =T133/X133 -> 82.689114 | V133: =T133-S133 -> 3764.664 | W133: =O133*$AA$1 -> 35.2 | X133: =D130 -> 79 | Y133: =X133-W133 -> 43.8
A134: 46129 | B134: JARDIM CAMBURI | C134: 5605.98 | D134: 65 | E134: 36.36 | F134: 20 | G134: 8.8 | H134: 0.4671 | I134: Espirito Santo | K134: 45761 | L134: =K134 -> 45761 | M134: 4380.9 | N134: 4546.5 | O134: 58 | P134: =N134/O134 -> 78.387931 | Q134: 46126 | R134: =Q134 -> 46126 | S134: =N134*$AA$1 -> 5001.15 | T134: =C131 -> 2793.09 | U134: =T134/X134 -> 107.42654 | V134: =T134-S134 -> -2208.06 | W134: =O134*$AA$1 -> 63.8 | X134: =D131 -> 26 | Y134: =X134-W134 -> -37.8
A135: 46130 | B135: JARDIM CAMBURI | C135: 6102.56 | D135: 68 | E135: 22.06 | F135: 1 | G135: 8.2 | H135: 0.2152 | I135: Espirito Santo | K135: 45762 | L135: =K135 -> 45762 | M135: 4898.28 | N135: 5036.28 | O135: 61 | P135: =N135/O135 -> 82.561967 | Q135: 46127 | R135: =Q135 -> 46127 | S135: =N135*$AA$1 -> 5539.908 | T135: =C132 -> 2384.93 | U135: =T135/X135 -> 85.176071 | V135: =T135-S135 -> -3154.978 | W135: =O135*$AA$1 -> 67.1 | X135: =D132 -> 28 | Y135: =X135-W135 -> -39.1
... A147: 46142 | B147: JARDIM CAMBURI | C147: 6321.51 | D147: 67 | E147: 40.17 | F147: 20 | G147: 14.66 | H147: 0.3498 | I147: Espirito Santo | K147: 45774 | L147: =K147 -> 45774 | M147: 5750.53 | N147: 6012.73 | O147: 70 | P147: =N147/O147 -> 85.896143 | Q147: 46139 | R147: =Q147 -> 46139 | S147: =N147*$AA$1 -> 6614.003 | T147: =C144 -> 1447.2 | U147: =T147/X147 -> 85.129412 | V147: =T147-S147 -> -5166.803 | W147: =O147*$AA$1 -> 77 | X147: =D144 -> 17 | Y147: =X147-W147 -> -60
A149: 46143 | B149: JARDIM CAMBURI | C149: 6382.85 | D149: 67 | E149: 30.59 | F149: 2 | G149: 11 | H149: 0.3109 | I149: Espirito Santo | K149: 45775 | L149: =K149 -> 45775 | M149: 4197.25 | N149: 4293.85 | O149: 47 | P149: =N149/O149 -> 91.358511 | Q149: 46140 | R149: =Q149 -> 46140 | S149: =N149*$AA$1 -> 4723.235 | T149: =C145 -> 3375.89 | U149: =T149/X149 -> 112.52967 | V149: =T149-S149 -> -1347.345 | W149: =O149*$AA$1 -> 51.7 | X149: =D145 -> 30 | Y149: =X149-W149 -> -21.7
A150: 46144 | B150: JARDIM CAMBURI | C150: 6635.55 | D150: 76 | E150: 30.2 | F150: 5 | G150: 10.75 | H150: 0.3011 | I150: Espirito Santo | K150: 45776 | L150: =K150 -> 45776 | M150: 5697.17 | N150: 5828.27 | O150: 64 | P150: =N150/O150 -> 91.066719 | Q150: 46141 | R150: =Q150 -> 46141 | S150: =N150*$AA$1 -> 6411.097 | T150: =C146 -> 3038 | U150: =T150/X150 -> 89.352941 | V150: =T150-S150 -> -3373.097 | W150: =O150*$AA$1 -> 70.4 | X150: =D146 -> 34 | Y150: =X150-W150 -> -36.4
A151: 46145 | B151: JARDIM CAMBURI | C151: 6797.56 | D151: 78 | E151: 31.61 | F151: 3 | G151: 13.25 | H151: 0.3416 | I151: Espirito Santo | K151: 45777 | L151: =K151 -> 45777 | M151: =SUM(M121:M150) -> 169298.58 | N151: 3267.76 | O151: 40 | P151: 79.7 | Q151: 46142 | R151: =Q151 -> 46142 | S151: =N153*$AA$1 -> 10125.929 | T151: =C147 -> 6321.51 | U151: =T151/X151 -> 94.350896 | V151: =T151-S151 -> -3804.419 | W151: 106 | X151: =D147 -> 67 | Y151: =X151-W151 -> -39
A152: 46146 | B152: JARDIM CAMBURI | C152: 2624.17 | D152: 24 | E152: 36.96 | F152: 7 | G152: 9.5 | H152: 0.2943 | I152: Espirito Santo | K152: ABRIL | L152: DIA SEMANA | M152: 8915.59 | N152: =SUM(N121:N151) -> 178741.84 | O152: =SUM(O121:O151) -> 2060 | P152: =N152/O152 -> 86.767883 | Q152: TOTAL | R152: TOTAL | S152: =SUM(S121:S151) -> 205758.72 | T152: =SUM(T121:T151) -> 138284.18 | U152: =S150/T152 -> 0.046361753 | V152: =SUM(V121:V151) -> -67474.538 | W152: =SUM(W121:W151) -> 2328 | X152: =SUM(X121:X151) -> 1520 | Y152: =SUM(Y121:Y151) -> -808
A153: 46147 | B153: JARDIM CAMBURI | C153: 2768.12 | D153: 34 | E153: 23.97 | F153: 0 | G153: 9 | H153: 0.3159 | I153: Espirito Santo | K153: 45778 | L153: =K153 -> 45778 | M153: 5161.06 | N153: 9205.39 | O153: 96 | P153: =N153/O153 -> 95.889479 | Q153: 46143 | R153: =Q153 -> 46143 | S153: =N154*$AA$1 -> 5859.326 | T153: =C153 -> 2768.12 | U153: =T153/X153 -> 81.415294 | V153: =T153-S153 -> -3091.206 | W153: =O154*$AA$1 -> 70.4 | X153: =D153 -> 34 | Y153: =X153-W153 -> -36.4
A154: 46148 | B154: JARDIM CAMBURI | C154: 3021.62 | D154: 27 | E154: 20.04 | F154: 0 | G154: 13.5 | H154: 0.2321 | I154: Espirito Santo | K154: 45779 | L154: =K154 -> 45779 | M154: 7983.4 | N154: 5326.66 | O154: 64 | P154: =N154/O154 -> 83.229062 | Q154: 46144 | R154: =Q154 -> 46144 | S154: =N155*$AA$1 -> 9108.11 | T154: =C154 -> 3021.62 | U154: =T154/X154 -> 111.91185 | V154: =T154-S154 -> -6086.49 | W154: =O155*$AA$1 -> 97.9 | X154: =D154 -> 27 | Y154: =X154-W154 -> -70.9
A155: 46149 | B155: JARDIM CAMBURI | C155: 3234.82 | D155: 36 | E155: 30.63 | F155: 3 | G155: 12 | H155: 0.3616 | I155: Espirito Santo | K155: 45780 | L155: =K155 -> 45780 | M155: 9981.5 | N155: 8280.1 | O155: 89 | P155: =N155/O155 -> 93.034831 | Q155: 46145 | R155: =Q155 -> 46145 | S155: =N156*$AA$1 -> 11374.33 | T155: =C155 -> 3234.82 | U155: =T155/X155 -> 89.856111 | V155: =T155-S155 -> -8139.51 | W155: =O156*$AA$1 -> 134.2 | X155: =D155 -> 36 | Y155: =X155-W155 -> -98.2
A156: 46150 | B156: JARDIM CAMBURI | C156: 4551.49 | D156: 60 | E156: 14.27 | F156: 0 | G156: 9.66 | H156: 0.3191 | I156: Espirito Santo | K156: 45781 | L156: =K156 -> 45781 | M156: 2930.06 | N156: 10340.3 | O156: 122 | P156: =N156/O156 -> 84.756557 | Q156: 46146 | R156: =Q156 -> 46146 | S156: =N157*$AA$1 -> 3314.146 | T156: =C156 -> 4551.49 | U156: =T156/X156 -> 75.858167 | V156: =T156-S156 -> 1237.344 | W156: =O157*$AA$1 -> 42.9 | X156: =D156 -> 60 | Y156: =X156-W156 -> 17.1
...

Sheet PRAIA DO CANTO
B1: OPERAÇÃO | C1: SSS (R$) | D1: SSO (UN) | E1: ADT (MIN) | F1: EXTREMO (UN) | G1: ENTREGAS/MOTOBOY | H1: CMV | I1: LOCALIZAÇÃO | J1: OBS | K1: NOME | L1: DATA | M1: DIA DA SEMANA | N1: S/ TX ENTREGA | O1: C/ TX ENTREGA | P1: TC | Q1: TM | R1: DATA | S1: DIA DA SEMANA | T1: ORÇADO FAT | U1: REALIZADO | V1: TM | W1: DIF | X1: ORÇADO TC | Y1: REALIZADO | Z1: VAR | AA1: 1.1
A2: 45998 | B2: PRAIA DO CANTO | C2: 12184.34 | D2: 138 | E2: 28.48 | F2: 3 | G2: 17.66 | H2: 0.3057 | I2: Espirito Santo | K2: UNIDADE | N2: VALOR LIQUIDO | R2: PERÍODO: 01/01/2026 À: 30/06/2026 | AA2: 1.1
A3: 45999 | B3: PRAIA DO CANTO | C3: 4818.34 | D3: 33 | E3: 22.52 | F3: 1 | G3: 11 | H3: 0.2884 | I3: Espirito Santo
A4: 46000 | B4: PRAIA DO CANTO | C4: 7202.19 | D4: 51 | E4: 25.63 | F4: 0 | G4: 10.2 | H4: 0.3317 | I4: Espirito Santo
A5: 46001 | B5: PRAIA DO CANTO | C5: 5210.24 | D5: 47 | E5: 24.04 | F5: 0 | G5: 9.4 | H5: 0.2966 | I5: Espirito Santo
A6: 46002 | B6: PRAIA DO CANTO | C6: 5275.71 | D6: 37 | E6: 29.55 | F6: 10 | G6: 9.25 | H6: 0.272 | I6: Espirito Santo
A7: 46003 | B7: PRAIA DO CANTO | C7: 11202.47 | D7: 98 | E7: 23.91 | F7: 9 | G7: 14 | H7: 0.298 | I7: Espirito Santo
A8: 46004 | B8: PRAIA DO CANTO | C8: 8853.18 | D8: 78 | E8: 24.74 | F8: 0 | G8: 15.6 | H8: 0.3176 | I8: Espirito Santo
A9: 46005 | B9: PRAIA DO CANTO | C9: 12298.05 | D9: 102 | E9: 33.06 | F9: 18 | G9: 20.4 | H9: 0.3129 | I9: Espirito Santo
A10: 46006 | B10: PRAIA DO CANTO | C10: 5196.74 | D10: 44 | E10: 31.58 | F10: 4 | G10: 14.66 | H10: 0.2661 | I10: Espirito Santo
A11: 46007 | B11: PRAIA DO CANTO | C11: 7170.72 | D11: 54 | E11: 43.32 | F11: 27 | G11: 10.8 | H11: 0.3356 | I11: Espirito Santo
A12: 46008 | B12: PRAIA DO CANTO | C12: 9070.2 | D12: 63 | E12: 36.07 | F12: 25 | G12: 15.75 | H12: 0.2922 | I12: Espirito Santo
A13: 46009 | B13: PRAIA DO CANTO | C13: 4363.49 | D13: 37 | E13: 24.59 | F13: 2 | G13: 9.25 | H13: 0.3128 | I13: Espirito Santo
A14: 46010 | B14: PRAIA DO CANTO | C14: 9031.12 | D14: 76 | E14: 29.92 | F14: 12 | G14: 15.2 | H14: 0.3125 | I14: Espirito Santo
... A18: 46014 | B18: PRAIA DO CANTO | C18: 11735.08 | D18: 77 | E18: 62.37 | F18: 57 | G18: 15.4 | H18: 0.333 | I18: Espirito Santo
A19: 46015 | B19: PRAIA DO CANTO | I19: Espirito Santo | J19: FECHADA
A20: 46016 | B20: PRAIA DO CANTO | C20: 10919.76 | D20: 81 | E20: 30.08 | F20: 5 | G20: 16.2 | H20: 0.3099 | I20: Espirito Santo
A21: 46017 | B21: PRAIA DO CANTO | C21: 7167.9 | D21: 55 | E21: 21.6 | F21: 0 | G21: 9.16 | H21: 0.2971 | I21: Espirito Santo
A22: 46018 | B22: PRAIA DO CANTO | C22: 6083.06 | D22: 55 | E22: 23.06 | F22: 1 | G22: 9.16 | H22: 0.3113 | I22: Espirito Santo
A23: 46019 | B23: PRAIA DO CANTO | C23: 9820.48 | D23: 80 | E23: 21.66 | F23: 0 | G23: 13.33 | H23: 0.2934 | I23: Espirito Santo
A24: 46020 | B24: PRAIA DO CANTO | C24: 6518.03 | D24: 41 | E24: 19.84 | F24: 0 | G24: 13.66 | H24: 0.3075 | I24: Espirito Santo | K24: PERÍODO: 01/01/2025 À: 30/06/2025 | AA24: BASE
A25: 46021 | B25: PRAIA DO CANTO | C25: 8743.38 | D25: 60 | E25: 31.23 | F25: 12 | G25: 15 | H25: 0.3242 | I25: Espirito Santo | K25: UNIDADE | L25: DATA | N25: VALOR LIQUIDO | P25: TC | Q25: TM | R25: PERÍODO: 01/01/2026 À: 30/06/2026 | AA25: 1.1
A26: 46022 | B26: PRAIA DO CANTO | I26: Espirito Santo | J26: FECHADA | K26: NOME | N26: S/ TX ENTREGA | O26: C/ TX ENTREGA | R26: DATA | T26: ORÇADO FAT | U26: REALIZADO | V26: TM | W26: DIF | X26: ORÇADO TC | Y26: REALIZADO | Z26: VAR
A27: 46023 | B27: PRAIA DO CANTO | C27: 13241.37 | D27: 134 | E27: 35.81 | F27: 19 | G27: 24.25 | H27: 0.313 | I27: Espirito Santo | K27: PRAIA DO CANTO | L27: 45658 | M27: =L27 -> 45658 | N27: 16847.01 | O27: 17676.61 | P27: 164 | Q27: =O27/P27 -> 107.78421 | R27: =L27+365 -> 46023 | S27: =R27 -> 46023 | T27: =O28*$AA$1 -> 5662.162 | U27: =C27 -> 13241.37 | V27: =U27/Y27 -> 98.816194 | W27: =U27-T27 -> 7579.208 | X27: =P27*$AA$25 -> 180.4 | Y27: =D27 -> 134 | Z27: =Y27-X27 -> -46.4
A28: 46024 | B28: PRAIA DO CANTO | C28: 6816.34 | D28: 68 | E28: 25.13 | F28: 2 | G28: 8.33 | H28: 0.271 | I28: Espirito Santo | K28: PRAIA DO CANTO | L28: 45659 | M28: =L28 -> 45659 | N28: 4879.02 | O28: 5147.42 | P28: 56 | Q28: =O28/P28 -> 91.918214 | R28: =L28+365 -> 46024 | S28: =R28 -> 46024 | T28: =O29*$AA$1 -> 7899.551 | U28: =C28 -> 6816.34 | V28: =U28/Y28 -> 100.24029 | W28: =U28-T28 -> -1083.211 | X28: =P28*$AA$25 -> 61.6 | Y28: =D28 -> 68 | Z28: =Y28-X28 -> 6.4
A29: 46025 | B29: PRAIA DO CANTO | C29: 8527.81 | D29: 88 | E29: 25.26 | F29: 0 | G29: 18 | H29: 0.2963 | I29: Espirito Santo | K29: PRAIA DO CANTO | L29: 45660 | M29: =L29 -> 45660 | N29: 6803.21 | O29: 7181.41 | P29: 75 | Q29: =O29/P29 -> 95.752133 | R29: 46025 | S29: =R29 -> 46025 | T29: =O30*$AA$1 -> 7678.825 | U29: =C29 -> 8527.81 | V29: =U29/Y29 -> 96.906932 | W29: =U29-T29 -> 848.985 | X29: =P29*$AA$25 -> 82.5 | Y29: =D29 -> 88 | Z29: =Y29-X29 -> 5.5
A30: 46026 | B30: PRAIA DO CANTO | C30: 12894.29 | D30: 138 | E30: 31.34 | F30: 20 | G30: 20.8 | H30: 0.3047 | I30: Espirito Santo | K30: PRAIA DO CANTO | L30: 45661 | M30: =L30 -> 45661 | N30: 6614.75 | O30: 6980.75 | P30: 71 | Q30: =O30/P30 -> 98.320423 | R30: 46026 | S30: =R30 -> 46026 | T30: =O31*$AA$1 -> 11947.166 | U30: =C30 -> 12894.29 | V30: =U30/Y30 -> 93.436884 | W30: =U30-T30 -> 947.124 | X30: =P30*$AA$25 -> 78.1 | Y30: =D30 -> 138 | Z30: =Y30-X30 -> 59.9
A31: 46027 | B31: PRAIA DO CANTO | C31: 7116.91 | D31: 73 | E31: 31.47 | F31: 10 | G31: 19 | H31: 0.3062 | I31: Espirito Santo | K31: PRAIA DO CANTO | L31: 45662 | M31: =L31 -> 45662 | N31: 10318.16 | O31: 10861.06 | P31: 114 | Q31: =O31/P31 -> 95.272456 | R31: 46027 | S31: =R31 -> 46027 | T31: =O32*$AA$1 -> 7181.834 | U31: =C31 -> 7116.91 | V31: =U31/Y31 -> 97.491918 | W31: =U31-T31 -> -64.924 | X31: =P31*$AA$25 -> 125.4 | Y31: =D31 -> 73 | Z31: =Y31-X31 -> -52.4
A32: 46028 | B32: PRAIA DO CANTO | C32: 7768.58 | D32: 71 | E32: 29.64 | F32: 8 | G32: 11.75 | H32: 0.3628 | I32: Espirito Santo | K32: PRAIA DO CANTO | L32: 45663 | M32: =L32 -> 45663 | N32: 6309.34 | O32: 6528.94 | P32: 63 | Q32: =O32/P32 -> 103.63397 | R32: 46028 | S32: =R32 -> 46028 | T32: =O33*$AA$1 -> 7462.312 | U32: =C32 -> 7768.58 | V32: =U32/Y32 -> 109.41662 | W32: =U32-T32 -> 306.268 | X32: =P32*$AA$25 -> 69.3 | Y32: =D32 -> 71 | Z32: =Y32-X32 -> 1.7
A33: 46029 | B33: PRAIA DO CANTO | C33: 5739.69 | D33: 66 | E33: 34.43 | F33: 13 | G33: 10.75 | H33: 0.3136 | I33: Espirito Santo | K33: PRAIA DO CANTO | L33: 45664 | M33: =L33 -> 45664 | N33: 6478.92 | O33: 6783.92 | P33: 71 | Q33: =O33/P33 -> 95.548169 | R33: 46029 | S33: =R33 -> 46029 | T33: =O34*$AA$1 -> 7124.337 | U33: =C33 -> 5739.69 | V33: =U33/Y33 -> 86.965 | W33: =U33-T33 -> -1384.647 | X33: =P33*$AA$25 -> 78.1 | Y33: =D33 -> 66 | Z33: =Y33-X33 -> -12.1
A34: 46030 | B34: PRAIA DO CANTO | C34: 4505.81 | D34: 47 | E34: 26.51 | F34: 4 | G34: 9.6 | H34: 0.3341 | I34: Espirito Santo | K34: PRAIA DO CANTO | L34: 45665 | M34: =L34 -> 45665 | N34: 6135.07 | O34: 6476.67 | P34: 68 | Q34: =O34/P34 -> 95.245147 | R34: 46030 | S34: =R34 -> 46030 | T34: =O35*$AA$1 -> 6166.017 | U34: =C34 -> 4505.81 | V34: =U34/Y34 -> 95.868298 | W34: =U34-T34 -> -1660.207 | X34: =P34*$AA$25 -> 74.8 | Y34: =D34 -> 47 | Z34: =Y34-X34 -> -27.8
A35: 46031 | B35: PRAIA DO CANTO | C35: 10864.98 | D35: 90 | E35: 27.47 | F35: 3 | G35: 14.2 | H35: 0.3159 | I35: Espirito Santo | K35: PRAIA DO CANTO | L35: 45666 | M35: =L35 -> 45666 | N35: 5288.27 | O35: 5605.47 | P35: 64 | Q35: =O35/P35 -> 87.585469 | R35: 46031 | S35: =R35 -> 46031 | T35: =O36*$AA$1 -> 5581.587 | U35: =C35 -> 10864.98 | V35: =U35/Y35 -> 120.722 | W35: =U35-T35 -> 5283.393 | X35: =P35*$AA$25 -> 70.4 | Y35: =D35 -> 90 | Z35: =Y35-X35 -> 19.6
A36: 46032 | B36: PRAIA DO CANTO | C36: 9065.58 | D36: 92 | E36: 26.5 | F36: 5 | G36: 14.2 | H36: 0.317 | I36: Espirito Santo | K36: PRAIA DO CANTO | L36: 45667 | M36: =L36 -> 45667 | N36: 4842.37 | O36: 5074.17 | P36: 50 | Q36: =O36/P36 -> 101.4834 | R36: 46032 | S36: =R36 -> 46032 | T36: =O37*$AA$1 -> 6829.515 | U36: =C36 -> 9065.58 | V36: =U36/Y36 -> 98.538913 | W36: =U36-T36 -> 2236.065 | X36: =P36*$AA$25 -> 55 | Y36: =D36 -> 92 | Z36: =Y36-X36 -> 37
A37: 46033 | B37: PRAIA DO CANTO | C37: 11415.44 | D37: 116 | E37: 26.32 | F37: 3 | G37: 22 | H37: 0.2933 | I37: Espirito Santo | K37: PRAIA DO CANTO | L37: 45668 | M37: =L37 -> 45668 | N37: 5915.85 | O37: 6208.65 | P37: 63 | Q37: =O37/P37 -> 98.55 | R37: 46033 | S37: =R37 -> 46033 | T37: =O38*$AA$1 -> 12224.685 | U37: =C37 -> 11415.44 | V37: =U37/Y37 -> 98.408966 | W37: =U37-T37 -> -809.245 | X37: =P37*$AA$25 -> 69.3 | Y37: =D37 -> 116 | Z37: =Y37-X37 -> 46.7
A38: 46034 | B38: PRAIA DO CANTO | C38: 5607.86 | D38: 56 | E38: 23.16 | F38: 1 | G38: 15.33 | H38: 0.2928 | I38: Espirito Santo | K38: PRAIA DO CANTO | L38: 45669 | M38: =L38 -> 45669 | N38: 10527.75 | O38: 11113.35 | P38: 120 | Q38: =O38/P38 -> 92.61125 | R38: 46034 | S38: =R38 -> 46034 | T38: =O39*$AA$1 -> 3870.383 | U38: =C38 -> 5607.86 | V38: =U38/Y38 -> 100.14036 | W38: =U38-T38 -> 1737.477 | X38: =P38*$AA$25 -> 132 | Y38: =D38 -> 56 | Z38: =Y38-X38 -> -76
A39: 46035 | B39: PRAIA DO CANTO | C39: 5871.84 | D39: 61 | E39: 28.03 | F39: 1 | G39: 11 | H39: 0.3402 | I39: Espirito Santo | K39: PRAIA DO CANTO | L39: 45670 | M39: =L39 -> 45670 | N39: 3298.93 | O39: 3518.53 | P39: 44 | Q39: =O39/P39 -> 79.966591 | R39: 46035 | S39: =R39 -> 46035 | T39: =O40*$AA$1 -> 6384.037 | U39: =C39 -> 5871.84 | V39: =U39/Y39 -> 96.259672 | W39: =U39-T39 -> -512.197 | X39: =P39*$AA$25 -> 48.4 | Y39: =D39 -> 61 | Z39: =Y39-X39 -> 12.6
A40: 46036 | B40: PRAIA DO CANTO | C40: 5742.08 | D40: 42 | E40: 24.39 | F40: 0 | G40: 10.5 | H40: 0.2951 | I40: Espirito Santo | K40: PRAIA DO CANTO | L40: 45671 | M40: =L40 -> 45671 | N40: 5559.67 | O40: 5803.67 | P40: 60 | Q40: =O40/P40 -> 96.727833 | R40: 46036 | S40: =R40 -> 46036 | T40: =O41*$AA$1 -> 5399.394 | U40: =C40 -> 5742.08 | V40: =U40/Y40 -> 136.71619 | W40: =U40-T40 -> 342.686 | X40: =P40*$AA$25 -> 66 | Y40: =D40 -> 42 | Z40: =Y40-X40 -> -24
... A50: 46046 | B50: PRAIA DO CANTO | C50: 8461.12 | D50: 81 | E50: 34.53 | F50: 5 | G50: 15.5 | H50: 0.2866 | I50: Espirito Santo | K50: PRAIA DO CANTO | L50: 45681 | M50: =L50 -> 45681 | N50: 7677.8 | O50: 8074.3 | P50: 90 | Q50: =O50/P50 -> 89.714444 | R50: 46046 | S50: =R50 -> 46046 | T50: =O51*$AA$1 -> 9637.716 | U50: =C50 -> 8461.12 | V50: =U50/Y50 -> 104.45827 | W50: =U50-T50 -> -1176.596 | X50: =P50*$AA$25 -> 99 | Y50: =D50 -> 81 | Z50: =Y50-X50 -> -18
A51: 46047 | B51: PRAIA DO CANTO | C51: 9555.52 | D51: 110 | E51: 30.68 | F51: 2 | H51: 0.293 | I51: Espirito Santo | K51: PRAIA DO CANTO | L51: 45682 | M51: =L51 -> 45682 | N51: 8297.96 | O51: 8761.56 | P51: 106 | Q51: =O51/P51 -> 82.656226 | R51: 46047 | S51: =R51 -> 46047 | T51: =O52*$AA$1 -> 10787.26 | U51: =C51 -> 9555.52 | V51: =U51/Y51 -> 86.868364 | W51: =U51-T51 -> -1231.74 | X51: =P51*$AA$25 -> 116.6 | Y51: =D51 -> 110 | Z51: =Y51-X51 -> -6.6
A52: 46048 | B52: PRAIA DO CANTO | C52: 3945.85 | D52: 47 | E52: 23.1 | F52: 0 | G52: 9.66 | H52: 0.2924 | I52: Espirito Santo | K52: PRAIA DO CANTO | L52: 45683 | M52: =L52 -> 45683 | N52: 9251.5 | O52: 9806.6 | P52: 110 | Q52: =O52/P52 -> 89.150909 | R52: 46048 | S52: =R52 -> 46048 | T52: =O53*$AA$1 -> 5095.09 | U52: =C52 -> 3945.85 | V52: =U52/Y52 -> 83.954255 | W52: =U52-T52 -> -1149.24 | X52: =P52*$AA$25 -> 121 | Y52: =D52 -> 47 | Z52: =Y52-X52 -> -74
A53: 46049 | B53: PRAIA DO CANTO | C53: 8133.91 | D53: 74 | E53: 28.54 | F53: 6 | G53: 11.6 | H53: 0.3257 | I53: Espirito Santo | K53: PRAIA DO CANTO | L53: 45684 | M53: =L53 -> 45684 | N53: 4430.6 | O53: 4631.9 | P53: 42 | Q53: =O53/P53 -> 110.28333 | R53: 46049 | S53: =R53 -> 46049 | T53: =O54*$AA$1 -> 5640.338 | U53: =C53 -> 8133.91 | V53: =U53/Y53 -> 109.9177 | W53: =U53-T53 -> 2493.572 | X53: =P53*$AA$25 -> 46.2 | Y53: =D53 -> 74 | Z53: =Y53-X53 -> 27.8
A54: 46050 | B54: PRAIA DO CANTO | C54: 5188.01 | D54: 61 | E54: 25.17 | F54: 2 | G54: 10.25 | H54: 0.3221 | I54: Espirito Santo | K54: PRAIA DO CANTO | L54: 45686 | M54: =L54 -> 45686 | N54: 4859.18 | O54: 5127.58 | P54: 57 | Q54: =O54/P54 -> 89.957544 | R54: 46051 | S54: =R54 -> 46051 | T54: =O55*$AA$1 -> 5808.88 | U54: =C54 -> 5188.01 | V54: =U54/Y54 -> 85.049344 | W54: =U54-T54 -> -620.87 | X54: =P54*$AA$25 -> 62.7 | Y54: =D54 -> 61 | Z54: =Y54-X54 -> -1.7
A55: 46051 | B55: PRAIA DO CANTO | C55: 5730.61 | D55: 65 | E55: 25.79 | F55: 5 | G55: 8.75 | H55: 0.3131 | I55: Espirito Santo | K55: PRAIA DO CANTO | L55: 45687 | M55: =L55 -> 45687 | N55: 4988 | O55: 5280.8 | P55: 61 | Q55: =O55/P55 -> 86.570492 | R55: 46052 | S55: =R55 -> 46052 | T55: =O56*$AA$1 -> 11381.975 | U55: =C55 -> 5730.61 | V55: =U55/Y55 -> 88.163231 | W55: =U55-T55 -> -5651.365 | X55: =P55*$AA$25 -> 67.1 | Y55: =D55 -> 65 | Z55: =Y55-X55 -> -2.1
A56: 46052 | B56: PRAIA DO CANTO | C56: 9465.7 | D56: 67 | E56: 24.66 | F56: 2 | G56: 11.1 | H56: 0.3031 | I56: Espirito Santo | K56: PRAIA DO CANTO | L56: 45688 | M56: =L56 -> 45688 | N56: 9810.45 | O56: 10347.25 | P56: 106 | Q56: =O56/P56 -> 97.615566 | R56: 46053 | S56: =R56 -> 46053 | T56: =O58*$AA$1 -> 8647.21 | U56: =C56 -> 9465.7 | V56: =U56/Y56 -> 141.2791 | W56: =U56-T56 -> 818.49 | X56: =P56*$AA$25 -> 116.6 | Y56: =D56 -> 67 | Z56: =Y56-X56 -> -49.6
A57: 46053 | B57: PRAIA DO CANTO | C57: 9432.08 | D57: 72 | E57: 22.1 | F57: 1 | G57: 12 | H57: 0.2989 | I57: Espirito Santo | K57: JANEIRO | L57: TOTAL | M57: DIA DA SEMANA | N57: =SUM(N31:N56) -> 167733.28 | O57: =SUM(O27:O56) -> 213753.57 | P57: =SUM(P27:P56) -> 2281 | Q57: =O57/P57 -> 93.710465 | R57: TOTAL | S57: DIA DA SEMANA | T57: =SUM(T27:T56) -> 224331.87 | U57: =SUM(U27:U56) -> 232322.74 | V57: =U57/Y57 -> 99.666555 | W57: =U57-T57 -> 7990.874 | X57: =P57*$AA$25 -> 2509.1 | Y57: =SUM(Y27:Y56) -> 2331 | Z57: =Y57-X57 -> -178.1
A58: 46054 | B58: PRAIA DO CANTO | C58: 12357.83 | D58: 100 | E58: 31.8 | F58: 12 | G58: 16.6 | H58: 0.2935 | I58: Espirito Santo | K58: PRAIA DO CANTO | L58: 45689 | M58: =L58 -> 45689 | N58: 7452.4 | O58: 7861.1 | P58: 86 | Q58: R$ 86,66 | R58: 46054 | S58: =R58 -> 46054 | T58: =O59*$AA$25 -> 10583.639 | U58: =C58 -> 12357.83 | V58: =U58/Y58 -> 123.5783 | W58: =T58-U58 -> -1774.191 | X58: =P58*$AA$25 -> 94.6 | Y58: =D58 -> 100 | Z58: =Y58-X58 -> 5.4
A59: 46055 | B59: PRAIA DO CANTO | C59: 2653.48 | D59: 24 | E59: 23.9 | F59: 0 | G59: 6 | H59: 0.2959 | I59: Espirito Santo | K59: PRAIA DO CANTO | L59: 45690 | M59: =L59 -> 45690 | N59: 9121.29 | O59: 9621.49 | P59: 119 | Q59: R$ 76,65 | R59: 46055 | S59: =R59 -> 46055 | T59: =O60*$AA$25 -> 2232.736 | U59: =C59 -> 2653.48 | V59: =U59/Y59 -> 110.56167 | W59: =T59-U59 -> -420.744 | X59: =P59*$AA$25 -> 130.9 | Y59: =D59 -> 24 | Z59: =Y59-X59 -> -106.9
A60: 46056 | B60: PRAIA DO CANTO | C60: 4846.65 | D60: 46 | E60: 148.28 | F60: 12 | G60: 11.66 | H60: 5.7395 | I60: Espirito Santo | K60: PRAIA DO CANTO | L60: 45691 | M60: =L60 -> 45691 | N60: 1926.06 | O60: 2029.76 | P60: 26 | Q60: R$ 74,08 | R60: 46056 | S60: =R60 -> 46056 | T60: =O61*$AA$25 -> 4883.681 | U60: =C60 -> 4846.65 | V60: =U60/Y60 -> 105.36196 | W60: =T60-U60 -> 37.031 | X60: =P60*$AA$25 -> 28.6 | Y60: =D60 -> 46 | Z60: =Y60-X60 -> 17.4
A61: 46057 | B61: PRAIA DO CANTO | C61: 2391.76 | D61: 26 | E61: 17.74 | F61: 1 | G61: 6 | H61: 0.2846 | I61: Espirito Santo | K61: PRAIA DO CANTO | L61: 45692 | M61: =L61 -> 45692 | N61: 4232.31 | O61: 4439.71 | P61: 51 | Q61: R$ 82,99 | R61: 46057 | S61: =R61 -> 46057 | T61: =O62*$AA$25 -> 4064.104 | U61: =C61 -> 2391.76 | V61: =U61/Y61 -> 91.990769 | W61: =T61-U61 -> 1672.344 | X61: =P61*$AA$25 -> 56.1 | Y61: =D61 -> 26 | Z61: =Y61-X61 -> -30.1
A62: 46058 | B62: PRAIA DO CANTO | C62: 5545.93 | D62: 56 | E62: 24.46 | F62: 0 | G62: 9.75 | H62: 0.2982 | I62: Espirito Santo | K62: PRAIA DO CANTO | L62: 45693 | M62: =L62 -> 45693 | N62: 3481.14 | O62: 3694.64 | P62: 47 | Q62: R$ 74,07 | R62: 46058 | S62: =R62 -> 46058 | T62: =O63*$AA$25 -> 2630.177 | U62: =C62 -> 5545.93 | V62: =U62/Y62 -> 99.034464 | W62: =T62-U62 -> -2915.753 | X62: =P62*$AA$25 -> 51.7 | Y62: =D62 -> 56 | Z62: =Y62-X62 -> 4.3
A63: 46059 | B63: PRAIA DO CANTO | C63: 9353.14 | D63: 92 | E63: 28.9 | F63: 5 | G63: 11.66 | H63: 0.3003 | I63: Espirito Santo | K63: PRAIA DO CANTO | L63: 45694 | M63: =L63 -> 45694 | N63: 2262.97 | O63: 2391.07 | P63: 34 | Q63: R$ 66,56 | R63: 46059 | S63: =R63 -> 46059 | T63: =O64*$AA$25 -> 8177.29 | U63: =C63 -> 9353.14 | V63: =U63/Y63 -> 101.66457 | W63: =T63-U63 -> -1175.85 | X63: =P63*$AA$25 -> 37.4 | Y63: =D63 -> 92 | Z63: =Y63-X63 -> 54.6
A64: 46060 | B64: PRAIA DO CANTO | C64: 9477.19 | D64: 99 | E64: 22.91 | F64: 0 | G64: 15.2 | H64: 0.2923 | I64: Espirito Santo | K64: PRAIA DO CANTO | L64: 45695 | M64: =L64 -> 45695 | N64: 7006.9 | O64: 7433.9 | P64: 86 | Q64: R$ 81,48 | R64: 46060 | S64: =R64 -> 46060 | T64: =O65*$AA$25 -> 11523.523 | U64: =C64 -> 9477.19 | V64: =U64/Y64 -> 95.729192 | W64: =T64-U64 -> 2046.333 | X64: =P64*$AA$25 -> 94.6 | Y64: =D64 -> 99 | Z64: =Y64-X64 -> 4.4
A65: 46061 | B65: PRAIA DO CANTO | C65: 12201.34 | D65: 144 | E65: 27.71 | F65: 3 | G65: 19 | H65: 0.3111 | I65: Espirito Santo | K65: PRAIA DO CANTO | L65: 45696 | M65: =L65 -> 45696 | N65: 9957.43 | O65: 10475.93 | P65: 116 | Q65: R$ 85,84 | R65: 46061 | S65: =R65 -> 46061 | T65: =O66*$AA$25 -> 13950.86 | U65: =C65 -> 12201.34 | V65: =U65/Y65 -> 84.731528 | W65: =T65-U65 -> 1749.52 | X65: =P65*$AA$25 -> 127.6 | Y65: =D65 -> 144 | Z65: =Y65-X65 -> 16.4
A66: 46062 | B66: PRAIA DO CANTO | C66: 3514.64 | D66: 38 | E66: 23.66 | F66: 0 | G66: 8 | H66: 0.2989 | I66: Espirito Santo | K66: PRAIA DO CANTO | L66: 45697 | M66: =L66 -> 45697 | N66: 11987.2 | O66: 12682.6 | P66: 142 | Q66: R$ 84,42 | R66: 46062 | S66: =R66 -> 46062 | T66: =O67*$AA$25 -> 3866.489 | U66: =C66 -> 3514.64 | V66: =U66/Y66 -> 92.490526 | W66: =T66-U66 -> 351.849 | X66: =P66*$AA$25 -> 156.2 | Y66: =D66 -> 38 | Z66: =Y66-X66 -> -118.2
A67: 46063 | B67: PRAIA DO CANTO | C67: 7005.16 | D67: 68 | E67: 27.4 | F67: 4 | G67: 11.5 | H67: 0.3567 | I67: Espirito Santo | K67: PRAIA DO CANTO | L67: 45698 | M67: =L67 -> 45698 | N67: 3350.29 | O67: 3514.99 | P67: 34 | Q67: R$ 98,54 | R67: 46063 | S67: =R67 -> 46063 | T67: =O68*$AA$25 -> 6450.015 | U67: =C67 -> 7005.16 | V67: =U67/Y67 -> 103.01706 | W67: =T67-U67 -> -555.145 | X67: =P67*$AA$25 -> 37.4 | Y67: =D67 -> 68 | Z67: =Y67-X67 -> 30.6
A68: 46064 | B68: PRAIA DO CANTO | C68: 4405.04 | D68: 45 | E68: 26.19 | F68: 0 | G68: 9 | H68: 0.3305 | I68: Espirito Santo | K68: PRAIA DO CANTO | L68: 45699 | M68: =L68 -> 45699 | N68: 5631.85 | O68: 5863.65 | P68: 58 | Q68: R$ 97,10 | R68: 46064 | S68: =R68 -> 46064 | T68: =O69*$AA$25 -> 4560.523 | U68: =C68 -> 4405.04 | V68: =U68/Y68 -> 97.889778 | W68: =T68-U68 -> 155.483 | X68: =P68*$AA$25 -> 63.8 | Y68: =D68 -> 45 | Z68: =Y68-X68 -> -18.8
A69: 46065 | B69: PRAIA DO CANTO | C69: 5220.35 | D69: 52 | E69: 25.77 | F69: 4 | G69: 10.75 | H69: 0.2825 | I69: Espirito Santo | K69: PRAIA DO CANTO | L69: 45700 | M69: =L69 -> 45700 | N69: 3914.13 | O69: 4145.93 | P69: 50 | Q69: R$ 78,28 | R69: 46065 | S69: =R69 -> 46065 | T69: =O70*$AA$25 -> 5674.834 | U69: =C69 -> 5220.35 | V69: =U69/Y69 -> 100.39135 | W69: =T69-U69 -> 454.484 | X69: =P69*$AA$25 -> 55 | Y69: =D69 -> 52 | Z69: =Y69-X69 -> -3
... A84: 46080 | B84: PRAIA DO CANTO | C84: 9694.83 | D84: 119 | E84: 45.73 | F84: 24 | G84: 20.25 | H84: 0.3528 | I84: Espirito Santo | K84: PRAIA DO CANTO | L84: 45715 | M84: =L84 -> 45715 | N84: 4837.52 | O84: 5148.62 | P84: 58 | Q84: R$ 83,41 | R84: 46080 | S84: =R84 -> 46080 | T84: =O85*$AA$25 -> 10753.105 | U84: =C84 -> 9694.83 | V84: =U84/Y84 -> 81.46916 | W84: =T84-U84 -> 1058.275 | X84: =P84*$AA$25 -> 63.8 | Y84: =D84 -> 119 | Z84: =Y84-X84 -> 55.2
A85: 46081 | B85: PRAIA DO CANTO | C85: 9568.35 | D85: 100 | E85: 31.85 | F85: 7 | G85: 19.25 | H85: 0.316 | I85: Espirito Santo | K85: PRAIA DO CANTO | L85: 45716 | M85: =L85 -> 45716 | N85: 9281.45 | O85: 9775.55 | P85: 101 | Q85: R$ 91,90 | R85: 46081 | S85: =R85 -> 46081 | T85: =O87*$AA$25 -> 6990.533 | U85: =C85 -> 9568.35 | V85: =U85/Y85 -> 95.6835 | W85: =T85-U85 -> -2577.817 | X85: =P85*$AA$25 -> 111.1 | Y85: =D85 -> 100 | Z85: =Y85-X85 -> -11.1
A86: 46082 | B86: PRAIA DO CANTO | C86: 13994.29 | D86: 134 | E86: 31.79 | F86: 12 | G86: 16 | H86: 0.2837 | I86: Espirito Santo | K86: FEVEREIRO | L86: TOTAL | M86: =L86 -> TOTAL | N86: =SUM(N58:N85) -> 175142.5 | O86: =SUM(O58:O85) -> 184567 | P86: =SUM(P58:P85) -> 2038 | Q86: =O86/P86 -> 90.562807 | R86: TOTAL | S86: =R86 -> TOTAL | T86: =SUM(T58:T85) -> 201367.02 | U86: =SUM(U58:U85) -> 198304.33 | V86: =SUM(V58:V85) -> 2829.1694 | W86: =SUM(W58:W85) -> 3062.693 | X86: =SUM(X58:X85) -> 2241.8 | Y86: =SUM(Y58:Y85) -> 1979 | Z86: =SUM(Z58:Z85) -> -262.8
A87: 46083 | B87: PRAIA DO CANTO | C87: 2789.36 | D87: 30 | E87: 34.29 | F87: 8 | G87: 5.25 | H87: 0.2952 | I87: Espirito Santo | K87: PRAIA DO CANTO | L87: 45717 | M87: =L87 -> 45717 | N87: 6001.23 | O87: 6355.03 | P87: 69 | Q87: R$ 86,97 | R87: 46082 | S87: =R87 -> 46082 | T87: =O88*$AA$25 -> 9000.937 | U87: =C86 -> 13994.29 | V87: =U87/Y87 -> 104.435 | W87: =U87-T87 -> 4993.353 | X87: =P88*$AA$25 -> 101.2 | Y87: =D86 -> 134 | Z87: =Y87-X87 -> 32.8
A88: 46084 | B88: PRAIA DO CANTO | C88: 5627.36 | D88: 57 | E88: 28.79 | F88: 1 | G88: 11 | H88: 0.3226 | I88: Espirito Santo | K88: PRAIA DO CANTO | L88: 45718 | M88: =L88 -> 45718 | N88: 7767.87 | O88: 8182.67 | P88: 92 | Q88: R$ 84,43 | R88: 46083 | S88: =R88 -> 46083 | T88: =O89*$AA$25 -> 12571.966 | U88: =C87 -> 2789.36 | V88: =U88/Y88 -> 92.978667 | W88: =U88-T88 -> -9782.606 | X88: =P89*$AA$25 -> 133.1 | Y88: =D87 -> 30 | Z88: =Y88-X88 -> -103.1
A89: 46085 | B89: PRAIA DO CANTO | C89: 4377.9 | D89: 40 | E89: 23.85 | F89: 0 | G89: 8.5 | H89: 0.296 | I89: Espirito Santo | K89: PRAIA DO CANTO | L89: 45719 | M89: =L89 -> 45719 | N89: 10837.36 | O89: 11429.06 | P89: 121 | Q89: R$ 89,56 | R89: 46084 | S89: =R89 -> 46084 | T89: =O90*$AA$25 -> 13270.4 | U89: =C88 -> 5627.36 | V89: =U89/Y89 -> 98.725614 | W89: =U89-T89 -> -7643.04 | X89: =P90*$AA$25 -> 139.7 | Y89: =D88 -> 57 | Z89: =Y89-X89 -> -82.7
A90: 46086 | B90: PRAIA DO CANTO | C90: 4129.69 | D90: 41 | E90: 40.1 | F90: 9 | G90: 7.75 | H90: 0.2787 | I90: Espirito Santo | K90: PRAIA DO CANTO | L90: 45720 | M90: =L90 -> 45720 | N90: 11393 | O90: 12064 | P90: 127 | Q90: R$ 89,71 | R90: 46085 | S90: =R90 -> 46085 | T90: =O91*$AA$25 -> 5062.794 | U90: =C89 -> 4377.9 | V90: =U90/Y90 -> 109.4475 | W90: =U90-T90 -> -684.894 | X90: =P91*$AA$25 -> 63.8 | Y90: =D89 -> 40 | Z90: =Y90-X90 -> -23.8
A91: 46087 | B91: PRAIA DO CANTO | C91: 9694.93 | D91: 90 | E91: 27.69 | F91: 2 | G91: 10.28 | H91: 0.2621 | I91: Espirito Santo | K91: PRAIA DO CANTO | L91: 45721 | M91: =L91 -> 45721 | N91: 4334.14 | O91: 4602.54 | P91: 58 | Q91: R$ 74,73 | R91: 46086 | S91: =R91 -> 46086 | T91: =O92*$AA$25 -> 4165.953 | U91: =C90 -> 4129.69 | V91: =U91/Y91 -> 100.72415 | W91: =U91-T91 -> -36.263 | X91: =P92*$AA$25 -> 47.3 | Y91: =D90 -> 41 | Z91: =Y91-X91 -> -6.3
A92: 46088 | B92: PRAIA DO CANTO | C92: 11022.01 | D92: 111 | E92: 30.91 | F92: 6 | G92: 17 | H92: 0.2808 | I92: Espirito Santo | K92: PRAIA DO CANTO | L92: 45722 | M92: =L92 -> 45722 | N92: 3585.93 | O92: 3787.23 | P92: 43 | Q92: R$ 83,39 | R92: 46087 | S92: =R92 -> 46087 | T92: =O93*$AA$25 -> 9153.617 | U92: =C91 -> 9694.93 | V92: =U92/Y92 -> 107.72144 | W92: =U92-T92 -> 541.313 | X92: =P93*$AA$25 -> 91.3 | Y92: =D91 -> 90 | Z92: =Y92-X92 -> -1.3
A93: 46089 | B93: PRAIA DO CANTO | C93: 9638.15 | D93: 101 | E93: 28.32 | F93: 7 | G93: 12.5 | H93: 0.2875 | I93: Espirito Santo | K93: PRAIA DO CANTO | L93: 45723 | M93: =L93 -> 45723 | N93: 7912.77 | O93: 8321.47 | P93: 83 | Q93: R$ 95,33 | R93: 46088 | S93: =R93 -> 46088 | T93: =O94*$AA$25 -> 11793.969 | U93: =C92 -> 11022.01 | V93: =U93/Y93 -> 99.297387 | W93: =U93-T93 -> -771.959 | X93: =P94*$AA$25 -> 125.4 | Y93: =D92 -> 111 | Z93: =Y93-X93 -> -14.4
A94: 46090 | B94: PRAIA DO CANTO | C94: 2666.98 | D94: 27 | E94: 22.51 | F94: 1 | G94: 4.5 | H94: 0.2607 | I94: Espirito Santo | K94: PRAIA DO CANTO | L94: 45724 | M94: =L94 -> 45724 | N94: 10136.19 | O94: 10721.79 | P94: 114 | Q94: R$ 88,91 | R94: 46089 | S94: =R94 -> 46089 | T94: =O95*$AA$25 -> 11332.134 | U94: =C93 -> 9638.15 | V94: =U94/Y94 -> 95.427228 | W94: =U94-T94 -> -1693.984 | X94: =P95*$AA$25 -> 130.9 | Y94: =D93 -> 101 | Z94: =Y94-X94 -> -29.9
A95: 46091 | B95: PRAIA DO CANTO | C95: 7380.57 | D95: 51 | E95: 30.15 | F95: 5 | G95: 20.33 | H95: 0.305 | I95: Espirito Santo | K95: PRAIA DO CANTO | L95: 45725 | M95: =L95 -> 45725 | N95: 9771.24 | O95: 10301.94 | P95: 119 | Q95: R$ 82,11 | R95: 46090 | S95: =R95 -> 46090 | T95: =O96*$AA$25 -> 3150.521 | U95: =C94 -> 2666.98 | V95: =U95/Y95 -> 98.777037 | W95: =U95-T95 -> -483.541 | X95: =P96*$AA$25 -> 37.4 | Y95: =D94 -> 27 | Z95: =Y95-X95 -> -10.4
A96: 46092 | B96: PRAIA DO CANTO | C96: 3713.05 | D96: 42 | E96: 24.05 | F96: 0 | G96: 7.25 | H96: 0.3016 | I96: Espirito Santo | K96: PRAIA DO CANTO | L96: 45726 | M96: =L96 -> 45726 | N96: 2717.71 | O96: 2864.11 | P96: 34 | Q96: R$ 79,93 | R96: 46091 | S96: =R96 -> 46091 | T96: =O97*$AA$25 -> 6306.806 | U96: =C95 -> 7380.57 | V96: =U96/Y96 -> 144.71706 | W96: =U96-T96 -> 1073.764 | X96: =P97*$AA$25 -> 62.7 | Y96: =D95 -> 51 | Z96: =Y96-X96 -> -11.7
A97: 46093 | B97: PRAIA DO CANTO | C97: 5237.09 | D97: 52 | E97: 48.65 | F97: 7 | G97: 7.8 | H97: 0.2988 | I97: Espirito Santo | K97: PRAIA DO CANTO | L97: 45727 | M97: =L97 -> 45727 | N97: 5446.76 | O97: 5733.46 | P97: 57 | Q97: R$ 95,56 | R97: 46092 | S97: =R97 -> 46092 | T97: =O98*$AA$25 -> 5964.981 | U97: =C96 -> 3713.05 | V97: =U97/Y97 -> 88.405952 | W97: =U97-T97 -> -2251.931 | X97: =P98*$AA$25 -> 67.1 | Y97: =D96 -> 42 | Z97: =Y97-X97 -> -25.1
A98: 46094 | B98: PRAIA DO CANTO | C98: 10075.24 | D98: 100 | E98: 25.82 | F98: 5 | G98: 13.33 | H98: 0.2562 | I98: Espirito Santo | K98: PRAIA DO CANTO | L98: 45728 | M98: =L98 -> 45728 | N98: 5294.61 | O98: 5422.71 | P98: 61 | Q98: R$ 86,80 | R98: 46093 | S98: =R98 -> 46093 | T98: =O99*$AA$25 -> 5843.662 | U98: =C97 -> 5237.09 | V98: =U98/Y98 -> 100.71327 | W98: =U98-T98 -> -606.572 | X98: =P99*$AA$25 -> 57.2 | Y98: =D97 -> 52 | Z98: =Y98-X98 -> -5.2
... A116: 46112 | B116: PRAIA DO CANTO | C116: 6865.67 | D116: 65 | E116: 32.46 | F116: 11 | G116: 12.25 | H116: 0.3241 | I116: Espirito Santo | K116: PRAIA DO CANTO | L116: 45746 | M116: =L116 -> 45746 | N116: 11225.87 | O116: 11658.97 | P116: 148 | Q116: R$ 75,85 | R116: 46111 | S116: =R116 -> 46111 | T116: =O117*$AA$25 -> 4842.805 | U116: =C115 -> 2541.41 | V116: =U116/Y116 -> 90.764643 | W116: =U116-T116 -> -2301.395 | X116: =P117*$AA$25 -> 49.5 | Y116: =D115 -> 28 | Z116: =Y116-X116 -> -21.5
K117: PRAIA DO CANTO | L117: 45747 | M117: =L117 -> 45747 | N117: 4213.45 | O117: 4402.55 | P117: 45 | Q117: R$ 93,63 | R117: 46112 | S117: =R117 -> 46112 | T117: =O119*$AA$25 -> 8734.319 | U117: =C116 -> 6865.67 | V117: =U117/Y117 -> 105.62569 | W117: =U117-T117 -> -1868.649 | X117: =P119*$AA$25 -> 90.2 | Y117: =D116 -> 65 | Z117: =Y117-X117 -> -25.2
K118: MARÇO | L118: TOTAL | M118: =L118 -> TOTAL | N118: =SUM(N87:N117) -> 236420.45 | O118: =SUM(O87:O117) -> 246961.25 | P118: =SUM(P87:P117) -> 2733 | Q118: =O118/P118 -> 90.362697 | R118: TOTAL | S118: =R118 -> TOTAL | T118: =SUM(T87:T117) -> 273401.16 | U118: =SUM(U87:U117) -> 218716.86 | V118: =SUM(V87:V117) -> 3179.4042 | W118: =SUM(W87:W117) -> -54684.301 | X118: =SUM(X87:X117) -> 3020.6 | Y118: =SUM(Y87:Y117) -> 2126 | Z118: =SUM(Z87:Z117) -> -894.6
A119: 46113 | B119: PRAIA DO CANTO | C119: 4402.32 | D119: 44 | E119: 26.28 | F119: 3 | G119: 10.3 | H119: 0.2714 | I119: Espirito Santo | K119: PRAIA DO CANTO | L119: 45748 | M119: =L119 -> 45748 | N119: 7659.69 | O119: 7940.29 | P119: 82 | Q119: R$ 93,41 | R119: 46113 | S119: =R119 -> 46113 | T119: =O120*$AA$25 -> 4869.414 | U119: =C119 -> 4402.32 | V119: =U119/Y119 -> 100.05273 | W119: =T119-U119 -> 467.094 | X119: =P119*$AA$25 -> 90.2 | Y119: =D119 -> 44 | Z119: =Y119-X119 -> -46.2
A120: 46114 | B120: PRAIA DO CANTO | C120: 6696.28 | D120: 60 | E120: 27.8 | F120: 4 | G120: 11.75 | H120: 0.2282 | I120: Espirito Santo | K120: PRAIA DO CANTO | L120: 45749 | M120: =L120 -> 45749 | N120: 4280.34 | O120: 4426.74 | P120: 52 | Q120: R$ 82,31 | R120: 46114 | S120: =R120 -> 46114 | T120: =O121*$AA$25 -> 6842.418 | U120: =C120 -> 6696.28 | V120: =U120/Y120 -> 111.60467 | W120: =T120-U120 -> 146.138 | X120: =P120*$AA$25 -> 57.2 | Y120: =D120 -> 60 | Z120: =Y120-X120 -> 2.8
A121: 46116 | B121: PRAIA DO CANTO | C121: 15104.11 | D121: 201 | E121: 16.06 | F121: 3 | G121: 14 | H121: 0.4004 | I121: Espirito Santo | K121: PRAIA DO CANTO | L121: 45750 | M121: =L121 -> 45750 | N121: 6012.98 | O121: 6220.38 | P121: 73 | Q121: R$ 82,37 | R121: 46115 | S121: =R121 -> 46115 | T121: =O122*$AA$25 -> 17157.294 | U121: =C121 -> 15104.11 | V121: =U121/Y121 -> 75.144826 | W121: =T121-U121 -> 2053.184 | X121: =P121*$AA$25 -> 80.3 | Y121: =D121 -> 201 | Z121: =Y121-X121 -> 120.7
A122: 46117 | B122: PRAIA DO CANTO | C122: 8656.24 | D122: 90 | E122: 31.22 | F122: 12 | G122: 11.5 | H122: 0.2753 | I122: Espirito Santo | K122: PRAIA DO CANTO | L122: 45751 | M122: =L122 -> 45751 | N122: 14889.94 | O122: 15597.54 | P122: 148 | Q122: R$ 100,61 | R122: 46116 | S122: =R122 -> 46116 | T122: =O123*$AA$25 -> 8489.844 | U122: =C122 -> 8656.24 | V122: =U122/Y122 -> 96.180444 | W122: =T122-U122 -> -166.396 | X122: =P122*$AA$25 -> 162.8 | Y122: =D122 -> 90 | Z122: =Y122-X122 -> -72.8
A123: 46118 | B123: PRAIA DO CANTO | C123: 3830.16 | D123: 35 | E123: 29.11 | F123: 1 | G123: 8.6 | H123: 0.3105 | I123: Espirito Santo | K123: PRAIA DO CANTO | L123: 45752 | M123: =L123 -> 45752 | N123: 7419.14 | O123: 7718.04 | P123: 76 | Q123: R$ 97,62 | R123: 46117 | S123: =R123 -> 46117 | T123: =O124*$AA$25 -> 10247.402 | U123: =C123 -> 3830.16 | V123: =U123/Y123 -> 109.43314 | W123: =T123-U123 -> 6417.242 | X123: =P123*$AA$25 -> 83.6 | Y123: =D123 -> 35 | Z123: =Y123-X123 -> -48.6
A124: 46119 | B124: PRAIA DO CANTO | C124: 4912.96 | D124: 46 | E124: 42.91 | F124: 8 | G124: 11.3 | H124: 0.3398 | I124: Espirito Santo | K124: PRAIA DO CANTO | L124: 45753 | M124: =L124 -> 45753 | N124: 8821.72 | O124: 9315.82 | P124: 100 | Q124: R$ 88,22 | R124: 46118 | S124: =R124 -> 46118 | T124: =O125*$AA$25 -> 5505.874 | U124: =C124 -> 4912.96 | V124: =U124/Y124 -> 106.80348 | W124: =T124-U124 -> 592.914 | X124: =P124*$AA$25 -> 110 | Y124: =D124 -> 46 | Z124: =Y124-X124 -> -64
A125: 46120 | B125: PRAIA DO CANTO | C125: 4215.72 | D125: 45 | E125: 28.9 | F125: 3 | G125: 10 | H125: 0.2885 | I125: Espirito Santo | K125: PRAIA DO CANTO | L125: 45754 | M125: =L125 -> 45754 | N125: 4865.04 | O125: 5005.34 | P125: 64 | Q125: R$ 76,02 | R125: 46119 | S125: =R125 -> 46119 | T125: =O126*$AA$25 -> 7380.648 | U125: =C125 -> 4215.72 | V125: =U125/Y125 -> 93.682667 | W125: =T125-U125 -> 3164.928 | X125: =P125*$AA$25 -> 70.4 | Y125: =D125 -> 45 | Z125: =Y125-X125 -> -25.4
A126: 46121 | B126: PRAIA DO CANTO | C126: 4908.46 | D126: 38 | E126: 27.68 | F126: 2 | G126: 12.66 | H126: 0.294 | I126: Espirito Santo | K126: PRAIA DO CANTO | L126: 45755 | M126: =L126 -> 45755 | N126: 6465.68 | O126: 6709.68 | P126: 75 | Q126: R$ 86,21 | R126: 46120 | S126: =R126 -> 46120 | T126: =O127*$AA$25 -> 5919.232 | U126: =C126 -> 4908.46 | V126: =U126/Y126 -> 129.17 | W126: =T126-U126 -> 1010.772 | X126: =P126*$AA$25 -> 82.5 | Y126: =D126 -> 38 | Z126: =Y126-X126 -> -44.5
A127: 46122 | B127: PRAIA DO CANTO | C127: 9895.96 | D127: 98 | E127: 35 | F127: 23 | G127: 9 | H127: 0.3662 | I127: Espirito Santo | K127: PRAIA DO CANTO | L127: 45756 | M127: =L127 -> 45756 | N127: 5192.02 | O127: 5381.12 | P127: 61 | Q127: R$ 85,12 | R127: 46121 | S127: =R127 -> 46121 | T127: =O128*$AA$25 -> 6126.296 | U127: =C127 -> 9895.96 | V127: =U127/Y127 -> 100.97918 | W127: =T127-U127 -> -3769.664 | X127: =P127*$AA$25 -> 67.1 | Y127: =D127 -> 98 | Z127: =Y127-X127 -> 30.9
A128: 46123 | B128: PRAIA DO CANTO | C128: 10045.56 | D128: 106 | E128: 37.21 | F128: 30 | G128: 11.57 | H128: 0.1991 | I128: Espirito Santo | K128: PRAIA DO CANTO | L128: 45757 | M128: =L128 -> 45757 | N128: 5374.16 | O128: 5569.36 | P128: 59 | Q128: R$ 91,09 | R128: 46122 | S128: =R128 -> 46122 | T128: =O129*$AA$25 -> 8868.772 | U128: =C128 -> 10045.56 | V128: =U128/Y128 -> 94.769434 | W128: =T128-U128 -> -1176.788 | X128: =P128*$AA$25 -> 64.9 | Y128: =D128 -> 106 | Z128: =Y128-X128 -> 41.1
A129: 46124 | B129: PRAIA DO CANTO | C129: 10703.4 | D129: 113 | E129: 64.51 | G129: 13.1 | H129: 0.3133 | I129: Espirito Santo | K129: PRAIA DO CANTO | L129: 45758 | M129: =L129 -> 45758 | N129: 7617.22 | O129: 8062.52 | P129: 92 | Q129: R$ 82,80 | R129: 46123 | S129: =R129 -> 46123 | T129: =O130*$AA$25 -> 10387.278 | U129: =C129 -> 10703.4 | V129: =U129/Y129 -> 94.720354 | W129: =T129-U129 -> -316.122 | X129: =P129*$AA$25 -> 101.2 | Y129: =D129 -> 113 | Z129: =Y129-X129 -> 11.8
A130: 46125 | B130: PRAIA DO CANTO | C130: 7713.88 | D130: 78 | E130: 28.24 | F130: 5 | G130: 10.1 | H130: 0.3246 | I130: Espirito Santo | K130: PRAIA DO CANTO | L130: 45759 | M130: =L130 -> 45759 | N130: 8985.48 | O130: 9442.98 | P130: 101 | Q130: R$ 88,97 | R130: 46124 | S130: =R130 -> 46124 | T130: =O131*$AA$25 -> 11892.892 | U130: =C130 -> 7713.88 | V130: =U130/Y130 -> 98.895897 | W130: =T130-U130 -> 4179.012 | X130: =P130*$AA$25 -> 111.1 | Y130: =D130 -> 78 | Z130: =Y130-X130 -> -33.1
A131: 46126 | B131: PRAIA DO CANTO | C131: 5091.62 | D131: 45 | E131: 37.05 | F131: 9 | G131: 8.25 | H131: 0.1851 | I131: Espirito Santo | K131: PRAIA DO CANTO | L131: 45760 | M131: =L131 -> 45760 | N131: 10140.72 | O131: 10811.72 | P131: 117 | Q131: R$ 86,67 | R131: 46125 | S131: =R131 -> 46125 | T131: =O132*$AA$25 -> 5882.558 | U131: =C131 -> 5091.62 | V131: =U131/Y131 -> 113.14711 | W131: =T131-U131 -> 790.938 | X131: =P131*$AA$25 -> 128.7 | Y131: =D131 -> 45 | Z131: =Y131-X131 -> -83.7
A132: 46127 | B132: PRAIA DO CANTO | C132: 4334.98 | D132: 44 | E132: 32.52 | F132: 3 | G132: 11.6 | H132: 0.2813 | I132: Espirito Santo | K132: PRAIA DO CANTO | L132: 45761 | M132: =L132 -> 45761 | N132: 5146.48 | O132: 5347.78 | P132: 54 | Q132: R$ 95,31 | R132: 46126 | S132: =R132 -> 46126 | T132: =O133*$AA$25 -> 8293.648 | U132: =C132 -> 4334.98 | V132: =U132/Y132 -> 98.522273 | W132: =T132-U132 -> 3958.668 | X132: =P132*$AA$25 -> 59.4 | Y132: =D132 -> 44 | Z132: =Y132-X132 -> -15.4
A133: 46128 | B133: PRAIA DO CANTO | C133: 5350.02 | D133: 32 | E133: 31.5 | F133: 3 | G133: 10.33 | H133: 0.2808 | I133: Espirito Santo | K133: PRAIA DO CANTO | L133: 45762 | M133: =L133 -> 45762 | N133: 7210.28 | O133: 7539.68 | P133: 77 | Q133: R$ 93,64 | R133: 46127 | S133: =R133 -> 46127 | T133: =O134*$AA$25 -> 9423.26 | U133: =C133 -> 5350.02 | V133: =U133/Y133 -> 167.18813 | W133: =T133-U133 -> 4073.24 | X133: =P133*$AA$25 -> 84.7 | Y133: =D133 -> 32 | Z133: =Y133-X133 -> -52.7
A134: 46129 | B134: PRAIA DO CANTO | C134: 9912.21 | D134: 78 | E134: 25.89 | F134: 1 | G134: 11.14 | H134: 0.2702 | I134: Espirito Santo | K134: PRAIA DO CANTO | L134: 45763 | M134: =L134 -> 45763 | N134: 8145.7 | O134: 8566.6 | P134: 83 | Q134: R$ 98,14 | R134: 46128 | S134: =R134 -> 46128 | T134: =O135*$AA$25 -> 11552.519 | U134: =C134 -> 9912.21 | V134: =U134/Y134 -> 127.07962 | W134: =T134-U134 -> 1640.309 | X134: =P134*$AA$25 -> 91.3 | Y134: =D134 -> 78 | Z134: =Y134-X134 -> -13.3
A135: 46130 | B135: PRAIA DO CANTO | C135: 10352.02 | D135: 84 | E135: 35.13 | F135: 3 | G135: 14 | H135: 0.1948 | I135: Espirito Santo | K135: PRAIA DO CANTO | L135: 45764 | M135: =L135 -> 45764 | N135: 9965.49 | O135: 10502.29 | P135: 102 | Q135: R$ 97,70 | R135: 46129 | S135: =R135 -> 46129 | T135: =O136*$AA$25 -> 11337.81 | U135: =C135 -> 10352.02 | V135: =U135/Y135 -> 123.23833 | W135: =T135-U135 -> 985.79 | X135: =P135*$AA$25 -> 112.2 | Y135: =D135 -> 84 | Z135: =Y135-X135 -> -28.2
A136: 46131 | B136: PRAIA DO CANTO | C136: 12459.07 | D136: 87 | E136: 42.59 | F136: 7 | G136: 12.42 | H136: 0.2226 | I136: Espirito Santo | K136: PRAIA DO CANTO | L136: 45765 | M136: =L136 -> 45765 | N136: 9709.3 | O136: 10307.1 | P136: 111 | Q136: R$ 87,47 | R136: 46130 | S136: =R136 -> 46130 | T136: =O137*$AA$25 -> 7152.937 | U136: =C136 -> 12459.07 | V136: =U136/Y136 -> 143.2077 | W136: =T136-U136 -> -5306.133 | X136: =P136*$AA$25 -> 122.1 | Y136: =D136 -> 87 | Z136: =Y136-X136 -> -35.1
A137: 46132 | B137: PRAIA DO CANTO | C137: 7575.54 | D137: 66 | E137: 37.85 | F137: 16 | G137: 10.2 | H137: 0.2559 | I137: Espirito Santo | K137: PRAIA DO CANTO | L137: 45766 | M137: =L137 -> 45766 | N137: 6136.67 | O137: 6502.67 | P137: 76 | Q137: R$ 80,75 | R137: 46131 | S137: =R137 -> 46131 | T137: =O138*$AA$25 -> 11671.858 | U137: =C137 -> 7575.54 | V137: =U137/Y137 -> 114.78091 | W137: =T137-U137 -> 4096.318 | X137: =P137*$AA$25 -> 83.6 | Y137: =D137 -> 66 | Z137: =Y137-X137 -> -17.6
A138: 46133 | B138: PRAIA DO CANTO | C138: 9879.8 | D138: 93 | E138: 36.73 | F138: 25 | G138: 12 | H138: 0.2142 | I138: Espirito Santo | K138: PRAIA DO CANTO | L138: 45767 | M138: =L138 -> 45767 | N138: 10073.98 | O138: 10610.78 | P138: 122 | Q138: R$ 82,57 | R138: 46132 | S138: =R138 -> 46132 | T138: =O139*$AA$25 -> 13948.506 | U138: =C138 -> 9879.8 | V138: =U138/Y138 -> 106.23441 | W138: =T138-U138 -> 4068.706 | X138: =P138*$AA$25 -> 134.2 | Y138: =D138 -> 93 | Z138: =Y138-X138 -> -41.2
A139: 46134 | B139: PRAIA DO CANTO | C139: 3142.94 | D139: 34 | E139: 29.9 | F139: 2 | G139: 8.6 | H139: 0.3713 | I139: Espirito Santo | K139: PRAIA DO CANTO | L139: 45768 | M139: =L139 -> 45768 | N139: 12052.16 | O139: 12680.46 | P139: 125 | Q139: R$ 96,42 | R139: 46133 | S139: =R139 -> 46133 | T139: =O140*$AA$25 -> 5900.796 | U139: =C139 -> 3142.94 | V139: =U139/Y139 -> 92.439412 | W139: =T139-U139 -> 2757.856 | X139: =P139*$AA$25 -> 137.5 | Y139: =D139 -> 34 | Z139: =Y139-X139 -> -103.5
A140: 46135 | B140: PRAIA DO CANTO | C140: 3579.94 | D140: 40 | E140: 24.14 | F140: 1 | G140: 8.3 | H140: 0.2917 | I140: Espirito Santo | K140: PRAIA DO CANTO | L140: 45769 | M140: =L140 -> 45769 | N140: 5077.66 | O140: 5364.36 | P140: 60 | Q140: R$ 84,63 | R140: 46134 | S140: =R140 -> 46134 | T140: =O141*$AA$25 -> 5981.415 | U140: =C140 -> 3579.94 | V140: =U140/Y140 -> 89.4985 | W140: =T140-U140 -> 2401.475 | X140: =P140*$AA$25 -> 66 | Y140: =D140 -> 40 | Z140: =Y140-X140 -> -26
A141: 46136 | B141: PRAIA DO CANTO | C141: 9121.63 | D141: 97 | E141: 30.78 | F141: 12 | G141: 10.25 | H141: 0.266 | I141: Espirito Santo | K141: PRAIA DO CANTO | L141: 45770 | M141: =L141 -> 45770 | N141: 5175.35 | O141: 5437.65 | P141: 52 | Q141: R$ 99,53 | R141: 46135 | S141: =R141 -> 46135 | T141: =O142*$AA$25 -> 5909.486 | U141: =C141 -> 9121.63 | V141: =U141/Y141 -> 94.037423 | W141: =T141-U141 -> -3212.144 | X141: =P141*$AA$25 -> 57.2 | Y141: =D141 -> 97 | Z141: =Y141-X141 -> 39.8
... A147: 46142 | B147: PRAIA DO CANTO | C147: 7655.8 | D147: 52 | E147: 35.29 | F147: 8 | G147: 10.4 | H147: 0.192 | I147: Espirito Santo | K147: PRAIA DO CANTO | L147: 45776 | M147: =L147 -> 45776 | N147: 7012.89 | O147: 7287.39 | P147: 79 | Q147: R$ 88,77 | R147: 46141 | S147: =R147 -> 46141 | T147: =O148*$AA$25 -> 11284.559 | U147: =C147 -> 7655.8 | V147: =U147/Y147 -> 147.22692 | W147: =T147-U147 -> 3628.759 | X147: =P147*$AA$25 -> 86.9 | Y147: =D147 -> 52 | Z147: =Y147-X147 -> -34.9
I148: Espirito Santo | K148: PRAIA DO CANTO | L148: 45777 | M148: =L148 -> 45777 | N148: 9923.19 | O148: 10258.69 | P148: 102 | Q148: R$ 97,29 | R148: 46142 | S148: =R148 -> 46142 | T148: =O150*$AA$25 -> 11817.124 | U148: =C148 -> 0 | V148: =U148/Y148 -> #DIV/0! | W148: =T148-U148 -> 11817.124 | X148: =P148*$AA$25 -> 112.2 | Y148: =D148 -> 0 | Z148: =Y148-X148 -> -112.2
...

Sheet SPOLETO
B1: OPERAÇÃO | C1: SSS (R$) | D1: SSO (UN) | E1: ADT (MIN) | F1: EXTREMO (UN) | G1: ENTREGAS/MOTOBOY | H1: CMV | I1: LOCALIZAÇÃO | K1: DATA | L1: DIA SEMANA | M1: FATURAMENTO | N1: TC | O1: TM | P1: DATA | Q1: DIA SEMANA | R1: FAT ORÇADO | S1: REALIZADO | T1: TC | U1: DIF | V1: TC ORÇADO | W1: REALIZADO | X1: VAR | Y1: BASE | Z1: 1.15
A2: 45998 | B2: SPOLETO JABAQUARA | C2: 2610.46 | D2: 52 | I2: Sao Paulo
A3: 45999 | B3: SPOLETO JABAQUARA | C3: 3681.65 | D3: 65 | I3: Sao Paulo
A4: 46000 | B4: SPOLETO JABAQUARA | C4: 4372.07 | D4: 79 | I4: Sao Paulo
A5: 46001 | B5: SPOLETO JABAQUARA | C5: 5023.79 | D5: 93 | I5: Sao Paulo
A6: 46002 | B6: SPOLETO JABAQUARA | C6: 5258.9 | D6: 106 | I6: Sao Paulo
A7: 46003 | B7: SPOLETO JABAQUARA | C7: 5350.03 | D7: 110 | I7: Sao Paulo
A8: 46004 | B8: SPOLETO JABAQUARA | C8: 5217.02 | D8: 80 | I8: Sao Paulo
A9: 46005 | B9: SPOLETO JABAQUARA | C9: 3898.58 | D9: 72 | I9: Sao Paulo
A10: 46006 | B10: SPOLETO JABAQUARA | C10: 2999.46 | D10: 61 | I10: Sao Paulo
A11: 46007 | B11: SPOLETO JABAQUARA | C11: 3057.15 | D11: 67 | I11: Sao Paulo
A12: 46008 | B12: SPOLETO JABAQUARA | C12: 4682.58 | D12: 100 | I12: Sao Paulo
A13: 46009 | B13: SPOLETO JABAQUARA | C13: 6142.25 | D13: 125 | I13: Sao Paulo
... A18: 46014 | B18: SPOLETO JABAQUARA | C18: 3698.25 | D18: 76 | I18: Sao Paulo
A19: 46015 | B19: SPOLETO JABAQUARA | I19: Sao Paulo | J19: sem operação
A20: 46016 | B20: SPOLETO JABAQUARA | C20: 3063.45 | D20: 61 | I20: Sao Paulo
A21: 46017 | B21: SPOLETO JABAQUARA | C21: 2821.99 | D21: 53 | I21: Sao Paulo
A22: 46018 | B22: SPOLETO JABAQUARA | C22: 3228.67 | D22: 61 | I22: Sao Paulo
A23: 46019 | B23: SPOLETO JABAQUARA | C23: 2433.08 | D23: 49 | I23: Sao Paulo
A24: 46020 | B24: SPOLETO JABAQUARA | C24: 2707.05 | D24: 56 | I24: Sao Paulo
A25: 46021 | B25: SPOLETO JABAQUARA | C25: 3224.7 | D25: 61 | I25: Sao Paulo
A26: 46022 | B26: SPOLETO JABAQUARA | I26: Sao Paulo | K26: DATA | M26: S/ TX ENTREGA | N26: C/ TX ENTREGA | O26: TC | P26: DATA | R26: FAT ORÇADO | S26: REALIZADO | T26: TM | U26: DIF | V26: TC ORÇADO | W26: REALIZADO | X26: VAR | Y26: BASE | Z26: 1.1
A27: 46023 | B27: SPOLETO JABAQUARA | C27: 343.9 | D27: 6 | I27: Sao Paulo | K27: 45658 | L27: =K27 -> 45658 | M27: 3385.02 | N27: 72 | O27: 47.01 | P27: 46023 | Q27: =P27 -> 46023 | R27: =M27*$Z$1 -> 3892.773 | S27: =C27 -> 343.9 | T27: =S27/V27 -> 4.1533816 | U27: =R27-T27 -> 3888.6196 | V27: =N27*$Z$1 -> 82.8 | W27: =D27 -> 6 | X27: =W27-V27 -> -76.8
A28: 46024 | B28: SPOLETO JABAQUARA | C28: 2743.5 | D28: 65 | I28: Sao Paulo | K28: 45659 | L28: =K28 -> 45659 | M28: 3385.02 | N28: 72 | O28: 47.01 | P28: 46024 | Q28: =P28 -> 46024 | R28: =M28*$Z$1 -> 3892.773 | S28: =C28 -> 2743.5 | T28: =S28/V28 -> 33.134058 | U28: =R28-T28 -> 3859.6389 | V28: =N28*$Z$1 -> 82.8 | W28: =D28 -> 65 | X28: =W28-V28 -> -17.8
A29: 46025 | B29: SPOLETO JABAQUARA | I29: Sao Paulo | K29: 45660 | L29: =K29 -> 45660 | M29: 3385.02 | N29: 72 | O29: 47.01 | P29: 46025 | Q29: =P29 -> 46025 | R29: =M29*$Z$1 -> 3892.773 | S29: 0 | T29: =S29/V29 -> 0 | U29: =R29-T29 -> 3892.773 | V29: =N29*$Z$1 -> 82.8 | W29: 0 | X29: =W29-V29 -> -82.8
A30: 46026 | B30: SPOLETO JABAQUARA | C30: 2315.45 | D30: 45 | I30: Sao Paulo | K30: 45661 | L30: =K30 -> 45661 | M30: 3385.02 | N30: 72 | O30: 47.01 | P30: 46026 | Q30: =P30 -> 46026 | R30: =M30*$Z$1 -> 3892.773 | S30: =C30 -> 2315.45 | T30: =S30/V30 -> 27.964372 | U30: =R30-T30 -> 3864.8086 | V30: =N30*$Z$1 -> 82.8 | W30: =D30 -> 45 | X30: =W30-V30 -> -37.8
A31: 46027 | B31: SPOLETO JABAQUARA | C31: 3057.65 | D31: 64 | I31: Sao Paulo | K31: 45662 | L31: =K31 -> 45662 | M31: 3385.02 | N31: 72 | O31: 47.01 | P31: 46027 | Q31: =P31 -> 46027 | R31: =M31*$Z$1 -> 3892.773 | S31: =C31 -> 3057.65 | T31: =S31/V31 -> 36.92814 | U31: =R31-T31 -> 3855.8449 | V31: =N31*$Z$1 -> 82.8 | W31: =D31 -> 64 | X31: =W31-V31 -> -18.8
A32: 46028 | B32: SPOLETO JABAQUARA | C32: 3385.8 | D32: 60 | I32: Sao Paulo | K32: 45663 | L32: =K32 -> 45663 | M32: 3385.02 | N32: 72 | O32: 47.01 | P32: 46028 | Q32: =P32 -> 46028 | R32: =M32*$Z$1 -> 3892.773 | S32: =C32 -> 3385.8 | T32: =S32/V32 -> 40.891304 | U32: =R32-T32 -> 3851.8817 | V32: =N32*$Z$1 -> 82.8 | W32: =D32 -> 60 | X32: =W32-V32 -> -22.8
A33: 46029 | B33: SPOLETO JABAQUARA | C33: 3467.6 | D33: 71 | I33: Sao Paulo | K33: 45664 | L33: =K33 -> 45664 | M33: 3385.02 | N33: 72 | O33: 47.01 | P33: 46029 | Q33: =P33 -> 46029 | R33: =M33*$Z$1 -> 3892.773 | S33: =C33 -> 3467.6 | T33: =S33/V33 -> 41.879227 | U33: =R33-T33 -> 3850.8938 | V33: =N33*$Z$1 -> 82.8 | W33: =D33 -> 71 | X33: =W33-V33 -> -11.8
A34: 46030 | B34: SPOLETO JABAQUARA | C34: 3977.2 | D34: 82 | I34: Sao Paulo | K34: 45665 | L34: =K34 -> 45665 | M34: 3385.02 | N34: 72 | O34: 47.01 | P34: 46030 | Q34: =P34 -> 46030 | R34: =M34*$Z$1 -> 3892.773 | S34: =C34 -> 3977.2 | T34: =S34/V34 -> 48.033816 | U34: =R34-T34 -> 3844.7392 | V34: =N34*$Z$1 -> 82.8 | W34: =D34 -> 82 | X34: =W34-V34 -> -0.8
A35: 46031 | B35: SPOLETO JABAQUARA | C35: 6399.6 | D35: 73 | I35: Sao Paulo | K35: 45666 | L35: =K35 -> 45666 | M35: 3385.02 | N35: 72 | O35: 47.01 | P35: 46031 | Q35: =P35 -> 46031 | R35: =M35*$Z$1 -> 3892.773 | S35: =C35 -> 6399.6 | T35: =S35/V35 -> 77.289855 | U35: =R35-T35 -> 3815.4831 | V35: =N35*$Z$1 -> 82.8 | W35: =D35 -> 73 | X35: =W35-V35 -> -9.8
A36: 46032 | B36: SPOLETO JABAQUARA | C36: 3646.2 | D36: 76 | I36: Sao Paulo | K36: 45667 | L36: =K36 -> 45667 | M36: 3385.02 | N36: 72 | O36: 47.01 | P36: 46032 | Q36: =P36 -> 46032 | R36: =M36*$Z$1 -> 3892.773 | S36: =C36 -> 3646.2 | T36: =S36/V36 -> 44.036232 | U36: =R36-T36 -> 3848.7368 | V36: =N36*$Z$1 -> 82.8 | W36: =D36 -> 76 | X36: =W36-V36 -> -6.8
A37: 46033 | B37: SPOLETO JABAQUARA | C37: 1443.85 | D37: 28 | I37: Sao Paulo | K37: 45668 | L37: =K37 -> 45668 | M37: 3385.02 | N37: 72 | O37: 47.01 | P37: 46033 | Q37: =P37 -> 46033 | R37: =M37*$Z$1 -> 3892.773 | S37: =C37 -> 1443.85 | T37: =S37/V37 -> 17.437802 | U37: =R37-T37 -> 3875.3352 | V37: =N37*$Z$1 -> 82.8 | W37: =D37 -> 28 | X37: =W37-V37 -> -54.8
A38: 46034 | B38: SPOLETO JABAQUARA | C38: 3394.4 | D38: 70 | I38: Sao Paulo | K38: 45669 | L38: =K38 -> 45669 | M38: 3385.02 | N38: 72 | O38: 47.01 | P38: 46034 | Q38: =P38 -> 46034 | R38: =M38*$Z$1 -> 3892.773 | S38: =C38 -> 3394.4 | T38: =S38/V38 -> 40.995169 | U38: =R38-T38 -> 3851.7778 | V38: =N38*$Z$1 -> 82.8 | W38: =D38 -> 70 | X38: =W38-V38 -> -12.8
A39: 46035 | B39: SPOLETO JABAQUARA | C39: 2705.4 | D39: 56 | I39: Sao Paulo | K39: 45670 | L39: =K39 -> 45670 | M39: 3385.02 | N39: 72 | O39: 47.01 | P39: 46035 | Q39: =P39 -> 46035 | R39: =M39*$Z$1 -> 3892.773 | S39: =C39 -> 2705.4 | T39: =S39/V39 -> 32.673913 | U39: =R39-T39 -> 3860.0991 | V39: =N39*$Z$1 -> 82.8 | W39: =D39 -> 56 | X39: =W39-V39 -> -26.8
A40: 46036 | B40: SPOLETO JABAQUARA | C40: 2513.25 | D40: 50 | I40: Sao Paulo | K40: 45671 | L40: =K40 -> 45671 | M40: 3385.02 | N40: 72 | O40: 47.01 | P40: 46036 | Q40: =P40 -> 46036 | R40: =M40*$Z$1 -> 3892.773 | S40: =C40 -> 2513.25 | T40: =S40/V40 -> 30.353261 | U40: =R40-T40 -> 3862.4197 | V40: =N40*$Z$1 -> 82.8 | W40: =D40 -> 50 | X40: =W40-V40 -> -32.8
A41: 46037 | B41: SPOLETO JABAQUARA | C41: 2836.65 | D41: 59 | I41: Sao Paulo | K41: 45672 | L41: =K41 -> 45672 | M41: 3385.02 | N41: 72 | O41: 47.01 | P41: 46037 | Q41: =P41 -> 46037 | R41: =M41*$Z$1 -> 3892.773 | S41: =C41 -> 2836.65 | T41: =S41/V41 -> 34.259058 | U41: =R41-T41 -> 3858.5139 | V41: =N41*$Z$1 -> 82.8 | W41: =D41 -> 59 | X41: =W41-V41 -> -23.8
... A57: 46053 | B57: SPOLETO JABAQUARA | C57: 2320.5 | D57: 47 | I57: Sao Paulo | K57: 45688 | L57: =K57 -> 45688 | M57: 3385.02 | N57: 72 | O57: 47.01 | P57: 46053 | Q57: =P57 -> 46053 | R57: =M57*$Z$1 -> 3892.773 | S57: =C57 -> 2320.5 | T57: =S57/V57 -> 28.025362 | U57: =R57-T57 -> 3864.7476 | V57: =N57*$Z$1 -> 82.8 | W57: =D57 -> 47 | X57: =W57-V57 -> -35.8
A58: 46054 | B58: SPOLETO JABAQUARA | C58: 2324.04 | D58: 50 | I58: Sao Paulo | K58: 46047 | L58: =K58 -> 46047 | M58: =SUM(M2:M57) -> 104935.62 | N58: =SUM(N2:N57) -> 2232 | O58: =MEDIAN(O2:O57) -> 47.01 | P58: 46048 | Q58: TOTAL | R58: =SUM(R27:R57) -> 120675.96 | S58: =SUM(S27:S57) -> 94673.17 | T58: =S58/W58 -> 49.933107 | U58: =R58-S58 -> 26002.793 | V58: =N58*$Z$1 -> 2566.8 | W58: =SUM(W2:W57) -> 1896 | X58: =W58-V58 -> -670.8
A59: 46055 | B59: SPOLETO JABAQUARA | C59: 3516.75 | D59: 72 | I59: Sao Paulo | K59: 45689 | L59: =K59 -> 45689 | M59: 3385.02 | N59: 72 | O59: 47.01 | P59: 46054 | Q59: =P59 -> 46054 | R59: =M59*$Z$1 -> 3892.773 | S59: =C58 -> 2324.04 | T59: =S59/V59 -> 28.068116 | U59: =R59-T59 -> 3864.7049 | V59: =N59*$Z$1 -> 82.8 | W59: =D59 -> 72 | X59: =W59-V59 -> -10.8
A60: 46056 | B60: SPOLETO JABAQUARA | C60: 3548.61 | D60: 74 | I60: Sao Paulo | K60: 45690 | L60: =K60 -> 45690 | M60: 3385.02 | N60: 72 | O60: 47.01 | P60: 46055 | Q60: =P60 -> 46055 | R60: =M60*$Z$1 -> 3892.773 | S60: =C59 -> 3516.75 | T60: =S60/V60 -> 42.472826 | U60: =R60-T60 -> 3850.3002 | V60: =N60*$Z$1 -> 82.8 | W60: =D60 -> 74 | X60: =W60-V60 -> -8.8
A61: 46057 | B61: SPOLETO JABAQUARA | C61: 3548.11 | D61: 77 | I61: Sao Paulo | K61: 45691 | L61: =K61 -> 45691 | M61: 3385.02 | N61: 72 | O61: 47.01 | P61: 46056 | Q61: =P61 -> 46056 | R61: =M61*$Z$1 -> 3892.773 | S61: =C60 -> 3548.61 | T61: =S61/V61 -> 42.857609 | U61: =R61-T61 -> 3849.9154 | V61: =N61*$Z$1 -> 82.8 | W61: =D61 -> 77 | X61: =W61-V61 -> -5.8
A62: 46058 | B62: SPOLETO JABAQUARA | C62: 2874.24 | D62: 61 | I62: Sao Paulo | K62: 45692 | L62: =K62 -> 45692 | M62: 3385.02 | N62: 72 | O62: 47.01 | P62: 46057 | Q62: =P62 -> 46057 | R62: =M62*$Z$1 -> 3892.773 | S62: =C61 -> 3548.11 | T62: =S62/V62 -> 42.85157 | U62: =R62-T62 -> 3849.9214 | V62: =N62*$Z$1 -> 82.8 | W62: =D62 -> 61 | X62: =W62-V62 -> -21.8
A63: 46059 | B63: SPOLETO JABAQUARA | C63: 4523.69 | D63: 85 | I63: Sao Paulo | K63: 45693 | L63: =K63 -> 45693 | M63: 3385.02 | N63: 72 | O63: 47.01 | P63: 46058 | Q63: =P63 -> 46058 | R63: =M63*$Z$1 -> 3892.773 | S63: =C62 -> 2874.24 | T63: =S63/V63 -> 34.713043 | U63: =R63-T63 -> 3858.06 | V63: =N63*$Z$1 -> 82.8 | W63: =D63 -> 85 | X63: =W63-V63 -> 2.2
A64: 46060 | B64: SPOLETO JABAQUARA | C64: 4176.9 | D64: 85 | I64: Sao Paulo | K64: 45694 | L64: =K64 -> 45694 | M64: 3385.02 | N64: 72 | O64: 47.01 | P64: 46059 | Q64: =P64 -> 46059 | R64: =M64*$Z$1 -> 3892.773 | S64: =C63 -> 4523.69 | T64: =S64/V64 -> 54.633937 | U64: =R64-T64 -> 3838.1391 | V64: =N64*$Z$1 -> 82.8 | W64: =D64 -> 85 | X64: =W64-V64 -> 2.2
A65: 46061 | B65: SPOLETO JABAQUARA | C65: 2917.91 | D65: 63 | I65: Sao Paulo | K65: 45695 | L65: =K65 -> 45695 | M65: 3385.02 | N65: 72 | O65: 47.01 | P65: 46060 | Q65: =P65 -> 46060 | R65: =M65*$Z$1 -> 3892.773 | S65: =C64 -> 4176.9 | T65: =S65/V65 -> 50.445652 | U65: =R65-T65 -> 3842.3273 | V65: =N65*$Z$1 -> 82.8 | W65: =D65 -> 63 | X65: =W65-V65 -> -19.8
A66: 46062 | B66: SPOLETO JABAQUARA | C66: 4429.27 | D66: 96 | I66: Sao Paulo | K66: 45696 | L66: =K66 -> 45696 | M66: 3385.02 | N66: 72 | O66: 47.01 | P66: 46061 | Q66: =P66 -> 46061 | R66: =M66*$Z$1 -> 3892.773 | S66: =C65 -> 2917.91 | T66: =S66/V66 -> 35.240459 | U66: =R66-T66 -> 3857.5325 | V66: =N66*$Z$1 -> 82.8 | W66: =D66 -> 96 | X66: =W66-V66 -> 13.2
A67: 46063 | B67: SPOLETO JABAQUARA | C67: 2284.22 | D67: 49 | I67: Sao Paulo | K67: 45697 | L67: =K67 -> 45697 | M67: 3385.02 | N67: 72 | O67: 47.01 | P67: 46062 | Q67: =P67 -> 46062 | R67: =M67*$Z$1 -> 3892.773 | S67: =C66 -> 4429.27 | T67: =S67/V67 -> 53.493599 | U67: =R67-T67 -> 3839.2794 | V67: =N67*$Z$1 -> 82.8 | W67: =D67 -> 49 | X67: =W67-V67 -> -33.8
A68: 46064 | B68: SPOLETO JABAQUARA | C68: 3209.54 | D68: 65 | I68: Sao Paulo | K68: 45698 | L68: =K68 -> 45698 | M68: 3385.02 | N68: 72 | O68: 47.01 | P68: 46063 | Q68: =P68 -> 46063 | R68: =M68*$Z$1 -> 3892.773 | S68: =C67 -> 2284.22 | T68: =S68/V68 -> 27.587198 | U68: =R68-T68 -> 3865.1858 | V68: =N68*$Z$1 -> 82.8 | W68: =D68 -> 65 | X68: =W68-V68 -> -17.8
A69: 46065 | B69: SPOLETO JABAQUARA | C69: 4991.54 | D69: 104 | I69: Sao Paulo | K69: 45699 | L69: =K69 -> 45699 | M69: 3385.02 | N69: 72 | O69: 47.01 | P69: 46064 | Q69: =P69 -> 46064 | R69: =M69*$Z$1 -> 3892.773 | S69: =C68 -> 3209.54 | T69: =S69/V69 -> 38.76256 | U69: =R69-T69 -> 3854.0104 | V69: =N69*$Z$1 -> 82.8 | W69: =D69 -> 104 | X69: =W69-V69 -> 21.2
A70: 46066 | B70: SPOLETO JABAQUARA | C70: 4630.74 | D70: 70 | I70: Sao Paulo | K70: 45700 | L70: =K70 -> 45700 | M70: 3385.02 | N70: 72 | O70: 47.01 | P70: 46065 | Q70: =P70 -> 46065 | R70: =M70*$Z$1 -> 3892.773 | S70: =C69 -> 4991.54 | T70: =S70/V70 -> 60.2843 | U70: =R70-T70 -> 3832.4887 | V70: =N70*$Z$1 -> 82.8 | W70: =D70 -> 70 | X70: =W70-V70 -> -12.8
... A86: 46082 | B86: SPOLETO JABAQUARA | C86: 4363.19 | D86: 89 | I86: Sao Paulo | K86: 45716 | L86: =K86 -> 45716 | M86: 3385.02 | N86: 72 | O86: 47.01 | P86: 46081 | Q86: =P86 -> 46081 | R86: =M86*$Z$1 -> 3892.773 | S86: =C85 -> 3955.63 | T86: =S86/V86 -> 47.773309 | U86: =R86-T86 -> 3844.9997 | V86: =N86*$Z$1 -> 82.8 | W86: =D86 -> 89 | X86: =W86-V86 -> 6.2
A87: 46083 | B87: SPOLETO JABAQUARA | C87: 3004.49 | D87: 61 | I87: Sao Paulo | K87: 46078 | L87: TOTAL | M87: =SUM(M59:M86) -> 94780.56 | N87: =SUM(N59:N86) -> 2016 | O87: =MEDIAN(O59:O86) -> 47.01 | P87: 46048 | Q87: TOTAL | R87: =SUM(R59:R86) -> 108997.64 | S87: =SUM(S59:S86) -> 103891.09 | T87: =SUM(T59:T86) -> 1254.7233 | U87: =SUM(U59:U86) -> 107742.92 | V87: =SUM(V59:V86) -> 2318.4 | W87: =SUM(W59:W86) -> 2188 | X87: =SUM(X59:X86) -> -130.4
A88: 46084 | B88: SPOLETO JABAQUARA | C88: 3279.75 | D88: 61 | I88: Sao Paulo | K88: 45717 | L88: =K88 -> 45717 | M88: 3385.02 | N88: 72 | O88: 47.01 | P88: 46082 | Q88: =P88 -> 46082 | R88: =M88*$Z$1 -> 3892.773 | S88: =C86 -> 4363.19 | T88: =S88/V88 -> 52.695531 | U88: =R88-T88 -> 3840.0775 | V88: =N88*$Z$1 -> 82.8 | W88: =D86 -> 89 | X88: =W88-V88 -> 6.2
A89: 46085 | B89: SPOLETO JABAQUARA | C89: 3479.48 | D89: 75 | I89: Sao Paulo | K89: 45718 | L89: =K89 -> 45718 | M89: 3385.02 | N89: 72 | O89: 47.01 | P89: 46083 | Q89: =P89 -> 46083 | R89: =M89*$Z$1 -> 3892.773 | S89: =C87 -> 3004.49 | T89: =S89/V89 -> 36.286111 | U89: =R89-T89 -> 3856.4869 | V89: =N89*$Z$1 -> 82.8 | W89: =D87 -> 61 | X89: =W89-V89 -> -21.8
A90: 46086 | B90: SPOLETO JABAQUARA | C90: 3977.58 | D90: 82 | I90: Sao Paulo | K90: 45719 | L90: =K90 -> 45719 | M90: 3385.02 | N90: 72 | O90: 47.01 | P90: 46084 | Q90: =P90 -> 46084 | R90: =M90*$Z$1 -> 3892.773 | S90: =C88 -> 3279.75 | T90: =S90/V90 -> 39.610507 | U90: =R90-T90 -> 3853.1625 | V90: =N90*$Z$1 -> 82.8 | W90: =D88 -> 61 | X90: =W90-V90 -> -21.8
A91: 46087 | B91: SPOLETO JABAQUARA | C91: 4679.2 | D91: 92 | I91: Sao Paulo | K91: 45720 | L91: =K91 -> 45720 | M91: 3385.02 | N91: 72 | O91: 47.01 | P91: 46085 | Q91: =P91 -> 46085 | R91: =M91*$Z$1 -> 3892.773 | S91: =C89 -> 3479.48 | T91: =S91/V91 -> 42.022705 | U91: =R91-T91 -> 3850.7503 | V91: =N91*$Z$1 -> 82.8 | W91: =D89 -> 75 | X91: =W91-V91 -> -7.8
A92: 46088 | B92: SPOLETO JABAQUARA | C92: 4510.9 | D92: 96 | I92: Sao Paulo | K92: 45721 | L92: =K92 -> 45721 | M92: 3385.02 | N92: 72 | O92: 47.01 | P92: 46086 | Q92: =P92 -> 46086 | R92: =M92*$Z$1 -> 3892.773 | S92: =C90 -> 3977.58 | T92: =S92/V92 -> 48.038406 | U92: =R92-T92 -> 3844.7346 | V92: =N92*$Z$1 -> 82.8 | W92: =D90 -> 82 | X92: =W92-V92 -> -0.8
A93: 46089 | B93: SPOLETO JABAQUARA | C93: 5083.21 | D93: 103 | I93: Sao Paulo | K93: 45722 | L93: =K93 -> 45722 | M93: 3385.02 | N93: 72 | O93: 47.01 | P93: 46087 | Q93: =P93 -> 46087 | R93: =M93*$Z$1 -> 3892.773 | S93: =C91 -> 4679.2 | T93: =S93/V93 -> 56.512077 | U93: =R93-T93 -> 3836.2609 | V93: =N93*$Z$1 -> 82.8 | W93: =D91 -> 92 | X93: =W93-V93 -> 9.2
A94: 46090 | B94: SPOLETO JABAQUARA | C94: 4035.51 | D94: 86 | I94: Sao Paulo | K94: 45723 | L94: =K94 -> 45723 | M94: 3385.02 | N94: 72 | O94: 47.01 | P94: 46088 | Q94: =P94 -> 46088 | R94: =M94*$Z$1 -> 3892.773 | S94: =C92 -> 4510.9 | T94: =S94/V94 -> 54.479469 | U94: =R94-T94 -> 3838.2935 | V94: =N94*$Z$1 -> 82.8 | W94: =D92 -> 96 | X94: =W94-V94 -> 13.2
A95: 46091 | B95: SPOLETO JABAQUARA | C95: 2288.75 | D95: 49 | I95: Sao Paulo | K95: 45724 | L95: =K95 -> 45724 | M95: 3385.02 | N95: 72 | O95: 47.01 | P95: 46089 | Q95: =P95 -> 46089 | R95: =M95*$Z$1 -> 3892.773 | S95: =C93 -> 5083.21 | T95: =S95/V95 -> 61.391425 | U95: =R95-T95 -> 3831.3816 | V95: =N95*$Z$1 -> 82.8 | W95: =D93 -> 103 | X95: =W95-V95 -> 20.2
A96: 46092 | B96: SPOLETO JABAQUARA | C96: 3808.18 | D96: 78 | I96: Sao Paulo | K96: 45725 | L96: =K96 -> 45725 | M96: 3385.02 | N96: 72 | O96: 47.01 | P96: 46090 | Q96: =P96 -> 46090 | R96: =M96*$Z$1 -> 3892.773 | S96: =C94 -> 4035.51 | T96: =S96/V96 -> 48.738043 | U96: =R96-T96 -> 3844.035 | V96: =N96*$Z$1 -> 82.8 | W96: =D94 -> 86 | X96: =W96-V96 -> 3.2
A97: 46093 | B97: SPOLETO JABAQUARA | C97: 3587.77 | D97: 74 | I97: Sao Paulo | K97: 45726 | L97: =K97 -> 45726 | M97: 3385.02 | N97: 72 | O97: 47.01 | P97: 46091 | Q97: =P97 -> 46091 | R97: =M97*$Z$1 -> 3892.773 | S97: =C95 -> 2288.75 | T97: =S97/V97 -> 27.641908 | U97: =R97-T97 -> 3865.1311 | V97: =N97*$Z$1 -> 82.8 | W97: =D95 -> 49 | X97: =W97-V97 -> -33.8
A98: 46094 | B98: SPOLETO JABAQUARA | C98: 3858.42 | D98: 81 | I98: Sao Paulo | K98: 45727 | L98: =K98 -> 45727 | M98: 3385.02 | N98: 72 | O98: 47.01 | P98: 46092 | Q98: =P98 -> 46092 | R98: =M98*$Z$1 -> 3892.773 | S98: =C96 -> 3808.18 | T98: =S98/V98 -> 45.992512 | U98: =R98-T98 -> 3846.7805 | V98: =N98*$Z$1 -> 82.8 | W98: =D96 -> 78 | X98: =W98-V98 -> -4.8
A99: 46095 | B99: SPOLETO JABAQUARA | C99: 2840.66 | D99: 59 | I99: Sao Paulo | K99: 45728 | L99: =K99 -> 45728 | M99: 3385.02 | N99: 72 | O99: 47.01 | P99: 46093 | Q99: =P99 -> 46093 | R99: =M99*$Z$1 -> 3892.773 | S99: =C97 -> 3587.77 | T99: =S99/V99 -> 43.330556 | U99: =R99-T99 -> 3849.4424 | V99: =N99*$Z$1 -> 82.8 | W99: =D97 -> 74 | X99: =W99-V99 -> -8.8
... A117: 46113 | B117: SPOLETO JABAQUARA | C117: 4670.77 | D117: 96 | I117: Sao Paulo | K117: 45747 | L117: =K117 -> 45747 | M117: 3385.02 | N117: 72 | O117: 47.01 | P117: 46112 | Q117: =P117 -> 46112 | R117: =M117*$Z$1 -> 3892.773 | S117: =C115 -> 4168.12 | T117: =S117/V117 -> 50.339614 | U117: =R117-T117 -> 3842.4334 | V117: =N117*$Z$1 -> 82.8 | W117: =D115 -> 86 | X117: =W117-V117 -> 3.2
A118: 46114 | B118: SPOLETO JABAQUARA | C118: 4735.56 | D118: 99 | I118: Sao Paulo | K118: 46106 | L118: TOTAL | M118: =SUM(M88:M117) -> 101550.6 | N118: =SUM(N88:N117) -> 2160 | O118: =SUM(O88:O117) -> 1410.3 | P118: 46107 | Q118: TOTAL | R118: =SUM(R88:R117) -> 116783.19 | S118: =SUM(S88:S117) -> 116004.25 | T118: =SUM(T88:T117) -> 1401.0175 | U118: =S118-R118 -> -778.94 | V118: =SUM(V88:V117) -> 2484 | W118: =SUM(W88:W117) -> 2404 | X118: =SUM(X88:X117) -> -80
A119: 46115 | B119: SPOLETO JABAQUARA | C119: 3214.25 | D119: 67 | I119: Sao Paulo | K119: 45748 | L119: =K119 -> 45748 | M119: 3385.02 | N119: 72 | O119: 47.01 | P119: 46113 | Q119: =P119 -> 46113 | R119: =M119*$Z$1 -> 3892.773 | S119: =C117 -> 4670.77 | T119: =S119/V119 -> 56.410266 | U119: =R119-T119 -> 3836.3627 | V119: =N119*$Z$1 -> 82.8 | W119: =D117 -> 96 | X119: =W119-V119 -> 13.2
A120: 46116 | B120: SPOLETO JABAQUARA | C120: 2988.31 | D120: 70 | I120: Sao Paulo | K120: 45749 | L120: =K120 -> 45749 | M120: 3385.02 | N120: 72 | O120: 47.01 | P120: 46114 | Q120: =P120 -> 46114 | R120: =M120*$Z$1 -> 3892.773 | S120: =C118 -> 4735.56 | T120: =S120/V120 -> 57.192754 | U120: =R120-T120 -> 3835.5802 | V120: =N120*$Z$1 -> 82.8 | W120: =D118 -> 99 | X120: =W120-V120 -> 16.2
A121: 46117 | B121: SPOLETO JABAQUARA | C121: 3944.8 | D121: 80 | I121: Sao Paulo | K121: 45750 | L121: =K121 -> 45750 | M121: 3385.02 | N121: 72 | O121: 47.01 | P121: 46115 | Q121: =P121 -> 46115 | R121: =M121*$Z$1 -> 3892.773 | S121: =C119 -> 3214.25 | T121: =S121/V121 -> 38.819444 | U121: =R121-T121 -> 3853.9536 | V121: =N121*$Z$1 -> 82.8 | W121: =D119 -> 67 | X121: =W121-V121 -> -15.8
A122: 46118 | B122: SPOLETO JABAQUARA | C122: 3383.27 | D122: 71 | I122: Sao Paulo | K122: 45751 | L122: =K122 -> 45751 | M122: 3385.02 | N122: 72 | O122: 47.01 | P122: 46116 | Q122: =P122 -> 46116 | R122: =M122*$Z$1 -> 3892.773 | S122: =C120 -> 2988.31 | T122: =S122/V122 -> 36.0907 | U122: =R122-T122 -> 3856.6823 | V122: =N122*$Z$1 -> 82.8 | W122: =D120 -> 70 | X122: =W122-V122 -> -12.8
A123: 46119 | B123: SPOLETO JABAQUARA | C123: 3513.27 | D123: 75 | I123: Sao Paulo | K123: 45752 | L123: =K123 -> 45752 | M123: 3385.02 | N123: 72 | O123: 47.01 | P123: 46117 | Q123: =P123 -> 46117 | R123: =M123*$Z$1 -> 3892.773 | S123: =C121 -> 3944.8 | T123: =S123/V123 -> 47.642512 | U123: =R123-T123 -> 3845.1305 | V123: =N123*$Z$1 -> 82.8 | W123: =D121 -> 80 | X123: =W123-V123 -> -2.8
A124: 46120 | B124: SPOLETO JABAQUARA | C124: 3282.67 | D124: 66 | I124: Sao Paulo | K124: 45753 | L124: =K124 -> 45753 | M124: 3385.02 | N124: 72 | O124: 47.01 | P124: 46118 | Q124: =P124 -> 46118 | R124: =M124*$Z$1 -> 3892.773 | S124: =C122 -> 3383.27 | T124: =S124/V124 -> 40.860749 | U124: =R124-T124 -> 3851.9123 | V124: =N124*$Z$1 -> 82.8 | W124: =D122 -> 71 | X124: =W124-V124 -> -11.8
A125: 46121 | B125: SPOLETO JABAQUARA | C125: 3782.51 | D125: 76 | I125: Sao Paulo | K125: 45754 | L125: =K125 -> 45754 | M125: 3385.02 | N125: 72 | O125: 47.01 | P125: 46119 | Q125: =P125 -> 46119 | R125: =M125*$Z$1 -> 3892.773 | S125: =C123 -> 3513.27 | T125: =S125/V125 -> 42.430797 | U125: =R125-T125 -> 3850.3422 | V125: =N125*$Z$1 -> 82.8 | W125: =D123 -> 75 | X125: =W125-V125 -> -7.8
A126: 46122 | B126: SPOLETO JABAQUARA | C126: 4274.53 | D126: 90 | I126: Sao Paulo | K126: 45755 | L126: =K126 -> 45755 | M126: 3385.02 | N126: 72 | O126: 47.01 | P126: 46120 | Q126: =P126 -> 46120 | R126: =M126*$Z$1 -> 3892.773 | S126: =C124 -> 3282.67 | T126: =S126/V126 -> 39.645773 | U126: =R126-T126 -> 3853.1272 | V126: =N126*$Z$1 -> 82.8 | W126: =D124 -> 66 | X126: =W126-V126 -> -16.8
A127: 46123 | B127: SPOLETO JABAQUARA | C127: 4139.51 | D127: 86 | I127: Sao Paulo | K127: 45756 | L127: =K127 -> 45756 | M127: 3385.02 | N127: 72 | O127: 47.01 | P127: 46121 | Q127: =P127 -> 46121 | R127: =M127*$Z$1 -> 3892.773 | S127: =C125 -> 3782.51 | T127: =S127/V127 -> 45.682488 | U127: =R127-T127 -> 3847.0905 | V127: =N127*$Z$1 -> 82.8 | W127: =D125 -> 76 | X127: =W127-V127 -> -6.8
A128: 46124 | B128: SPOLETO JABAQUARA | C128: 3663.73 | D128: 66 | I128: Sao Paulo | K128: 45757 | L128: =K128 -> 45757 | M128: 3385.02 | N128: 72 | O128: 47.01 | P128: 46122 | Q128: =P128 -> 46122 | R128: =M128*$Z$1 -> 3892.773 | S128: =C126 -> 4274.53 | T128: =S128/V128 -> 51.624758 | U128: =R128-T128 -> 3841.1482 | V128: =N128*$Z$1 -> 82.8 | W128: =D126 -> 90 | X128: =W128-V128 -> 7.2
A129: 46125 | B129: SPOLETO JABAQUARA | C129: 3085.97 | D129: 63 | I129: Sao Paulo | K129: 45758 | L129: =K129 -> 45758 | M129: 3385.02 | N129: 72 | O129: 47.01 | P129: 46123 | Q129: =P129 -> 46123 | R129: =M129*$Z$1 -> 3892.773 | S129: =C127 -> 4139.51 | T129: =S129/V129 -> 49.994082 | U129: =R129-T129 -> 3842.7789 | V129: =N129*$Z$1 -> 82.8 | W129: =D127 -> 86 | X129: =W129-V129 -> 3.2
A130: 46126 | B130: SPOLETO JABAQUARA | C130: 4339.78 | D130: 98 | I130: Sao Paulo | K130: 45759 | L130: =K130 -> 45759 | M130: 3385.02 | N130: 72 | O130: 47.01 | P130: 46124 | Q130: =P130 -> 46124 | R130: =M130*$Z$1 -> 3892.773 | S130: =C128 -> 3663.73 | T130: =S130/V130 -> 44.247947 | U130: =R130-T130 -> 3848.5251 | V130: =N130*$Z$1 -> 82.8 | W130: =D128 -> 66 | X130: =W130-V130 -> -16.8
... A133: 46129 | B133: SPOLETO JABAQUARA | C133: 1984.78 | D133: 42 | I133: Sao Paulo | K133: 45762 | L133: =K133 -> 45762 | M133: 3385.02 | N133: 72 | O133: 47.01 | P133: 46127 | Q133: =P133 -> 46127 | R133: =M133*$Z$1 -> 3892.773 | S133: =C131 -> 4694.33 | T133: =S133/V133 -> 56.694807 | U133: =R133-T133 -> 3836.0782 | V133: =N133*$Z$1 -> 82.8 | W133: =D131 -> 100 | X133: =W133-V133 -> 17.2
A134: 46130 | B134: SPOLETO JABAQUARA | C134: 2617.04 | D134: 56 | I134: Sao Paulo | K134: 45763 | L134: =K134 -> 45763 | M134: 3385.02 | N134: 72 | O134: 47.01 | P134: 46128 | Q134: =P134 -> 46128 | R134: =M134*$Z$1 -> 3892.773 | T134: =S134/V134 -> 0 | U134: =R134-T134 -> 3892.773 | V134: =N134*$Z$1 -> 82.8 | W134: =#REF! -> #REF! | X134: =W134-V134 -> #REF!
A135: 46131 | B135: SPOLETO JABAQUARA | C135: 5003.7 | D135: 106 | I135: Sao Paulo | K135: 45764 | L135: =K135 -> 45764 | M135: 3385.02 | N135: 72 | O135: 47.01 | P135: 46129 | Q135: =P135 -> 46129 | R135: =M135*$Z$1 -> 3892.773 | S135: =C132 -> 6042.03 | T135: =S135/V135 -> 72.971377 | U135: =R135-T135 -> 3819.8016 | V135: =N135*$Z$1 -> 82.8 | W135: =D132 -> 125 | X135: =W135-V135 -> 42.2
A136: 46132 | B136: SPOLETO JABAQUARA | C136: 5907.66 | D136: 94 | I136: Sao Paulo | K136: 45765 | L136: =K136 -> 45765 | M136: 3385.02 | N136: 72 | O136: 47.01 | P136: 46130 | Q136: =P136 -> 46130 | R136: =M136*$Z$1 -> 3892.773 | S136: =C133 -> 1984.78 | T136: =S136/V136 -> 23.970773 | U136: =R136-T136 -> 3868.8022 | V136: =N136*$Z$1 -> 82.8 | W136: =D133 -> 42 | X136: =W136-V136 -> -40.8
A137: 46133 | B137: SPOLETO JABAQUARA | C137: 3560.27 | D137: 74 | I137: Sao Paulo | K137: 45766 | L137: =K137 -> 45766 | M137: 3385.02 | N137: 72 | O137: 47.01 | P137: 46131 | Q137: =P137 -> 46131 | R137: =M137*$Z$1 -> 3892.773 | S137: =C134 -> 2617.04 | T137: =S137/V137 -> 31.606763 | U137: =R137-T137 -> 3861.1662 | V137: =N137*$Z$1 -> 82.8 | W137: =D134 -> 56 | X137: =W137-V137 -> -26.8
A138: 46134 | B138: SPOLETO JABAQUARA | C138: 3360.35 | D138: 71 | I138: Sao Paulo | K138: 45767 | L138: =K138 -> 45767 | M138: 3385.02 | N138: 72 | O138: 47.01 | P138: 46132 | Q138: =P138 -> 46132 | R138: =M138*$Z$1 -> 3892.773 | S138: =C135 -> 5003.7 | T138: =S138/V138 -> 60.431159 | U138: =R138-T138 -> 3832.3418 | V138: =N138*$Z$1 -> 82.8 | W138: =D135 -> 106 | X138: =W138-V138 -> 23.2
A139: 46135 | B139: SPOLETO JABAQUARA | C139: 7750.37 | D139: 175 | I139: Sao Paulo | K139: 45768 | L139: =K139 -> 45768 | M139: 3385.02 | N139: 72 | O139: 47.01 | P139: 46133 | Q139: =P139 -> 46133 | R139: =M139*$Z$1 -> 3892.773 | S139: =C137 -> 3560.27 | T139: =S139/V139 -> 42.99843 | U139: =R139-T139 -> 3849.7746 | V139: =N139*$Z$1 -> 82.8 | W139: =D137 -> 74 | X139: =W139-V139 -> -8.8
A140: 46136 | B140: SPOLETO JABAQUARA | I140: Sao Paulo | K140: 45769 | L140: =K140 -> 45769 | M140: 3385.02 | N140: 72 | O140: 47.01 | P140: 46134 | Q140: =P140 -> 46134 | R140: =M140*$Z$1 -> 3892.773 | S140: =C138 -> 3360.35 | T140: =S140/V140 -> 40.583937 | U140: =R140-T140 -> 3852.1891 | V140: =N140*$Z$1 -> 82.8 | W140: =D138 -> 71 | X140: =W140-V140 -> -11.8
A141: 46137 | B141: SPOLETO JABAQUARA | C141: 3813.5 | D141: 82 | I141: Sao Paulo | K141: 45770 | L141: =K141 -> 45770 | M141: 3385.02 | N141: 72 | O141: 47.01 | P141: 46135 | Q141: =P141 -> 46135 | R141: =M141*$Z$1 -> 3892.773 | S141: =C139 -> 7750.37 | T141: =S141/V141 -> 93.603502 | U141: =R141-T141 -> 3799.1695 | V141: =N141*$Z$1 -> 82.8 | W141: =D139 -> 175 | X141: =W141-V141 -> 92.2
A142: 46138 | B142: SPOLETO JABAQUARA | C142: 4161.11 | D142: 86 | I142: Sao Paulo | K142: 45771 | L142: =K142 -> 45771 | M142: 3385.02 | N142: 72 | O142: 47.01 | P142: 46136 | Q142: =P142 -> 46136 | R142: =M142*$Z$1 -> 3892.773 | S142: =C140 -> 0 | T142: =S142/V142 -> 0 | U142: =R142-T142 -> 3892.773 | V142: =N142*$Z$1 -> 82.8 | W142: =D140 -> 0 | X142: =W142-V142 -> -82.8
A143: 46139 | B143: SPOLETO JABAQUARA | C143: 3720.14 | D143: 74 | I143: Sao Paulo | K143: 45772 | L143: =K143 -> 45772 | M143: 3385.02 | N143: 72 | O143: 47.01 | P143: 46137 | Q143: =P143 -> 46137 | R143: =M143*$Z$1 -> 3892.773 | S143: =C141 -> 3813.5 | T143: =S143/V143 -> 46.056763 | U143: =R143-T143 -> 3846.7162 | V143: =N143*$Z$1 -> 82.8 | W143: =D141 -> 82 | X143: =W143-V143 -> -0.8
A144: 46140 | B144: SPOLETO JABAQUARA | C144: 3483.18 | D144: 65 | I144: Sao Paulo | K144: 45773 | L144: =K144 -> 45773 | M144: 3385.02 | N144: 72 | O144: 47.01 | P144: 46138 | Q144: =P144 -> 46138 | R144: =M144*$Z$1 -> 3892.773 | S144: =C142 -> 4161.11 | T144: =S144/V144 -> 50.254952 | U144: =R144-T144 -> 3842.518 | V144: =N144*$Z$1 -> 82.8 | W144: =D142 -> 86 | X144: =W144-V144 -> 3.2
A145: 46141 | B145: SPOLETO JABAQUARA | C145: 1211.99 | D145: 21 | I145: Sao Paulo | K145: 45774 | L145: =K145 -> 45774 | M145: 3385.02 | N145: 72 | O145: 47.01 | P145: 46139 | Q145: =P145 -> 46139 | R145: =M145*$Z$1 -> 3892.773 | S145: =C143 -> 3720.14 | T145: =S145/V145 -> 44.929227 | U145: =R145-T145 -> 3847.8438 | V145: =N145*$Z$1 -> 82.8 | W145: =D143 -> 74 | X145: =W145-V145 -> -8.8
A146: 46142 | B146: SPOLETO JABAQUARA | C146: 4025.36 | D146: 78 | I146: Sao Paulo | K146: 45775 | L146: =K146 -> 45775 | M146: 3385.02 | N146: 72 | O146: 47.01 | P146: 46140 | Q146: =P146 -> 46140 | R146: =M146*$Z$1 -> 3892.773 | S146: =C144 -> 3483.18 | T146: =S146/V146 -> 42.067391 | U146: =R146-T146 -> 3850.7056 | V146: =N146*$Z$1 -> 82.8 | W146: =D144 -> 65 | X146: =W146-V146 -> -17.8
A147: 46143 | B147: SPOLETO JABAQUARA | C147: 3567.98 | D147: 67 | I147: Sao Paulo | K147: 45776 | L147: =K147 -> 45776 | M147: 3385.02 | N147: 72 | O147: 47.01 | P147: 46141 | Q147: =P147 -> 46141 | R147: =M147*$Z$1 -> 3892.773 | S147: =C145 -> 1211.99 | T147: =S147/V147 -> 14.63756 | U147: =R147-T147 -> 3878.1354 | V147: =N147*$Z$1 -> 82.8 | W147: =D145 -> 21 | X147: =W147-V147 -> -61.8
A148: 46144 | B148: SPOLETO JABAQUARA | C148: 3810.73 | D148: 68 | I148: Sao Paulo | K148: 45777 | L148: =K148 -> 45777 | M148: 3385.02 | N148: 72 | O148: 47.01 | P148: 46142 | Q148: =P148 -> 46142 | R148: =M148*$Z$1 -> 3892.773 | S148: =C146 -> 4025.36 | T148: =S148/V148 -> 48.615459 | U148: =R148-T148 -> 3844.1575 | V148: =N148*$Z$1 -> 82.8 | W148: =D146 -> 78 | X148: =W148-V148 -> -4.8
A149: 46145 | B149: SPOLETO JABAQUARA | C149: 3505.67 | D149: 66 | I149: Sao Paulo | K149: 46137 | L149: TOTAL | M149: =SUM(M119:M148) -> 101550.6 | N149: =SUM(N119:N148) -> 2160 | O149: =SUM(O119:O148) -> 1410.3 | P149: 46138 | Q149: TOTAL | R149: =SUM(R119:R148) -> 116783.19 | S149: =SUM(S119:S148) -> 108447.08 | T149: =SUM(T119:T148) -> 1309.7473 | U149: =SUM(U119:U148) -> 115473.44 | V149: =SUM(V119:V148) -> 2484 | W149: =SUM(W119:W148) -> #REF! | X149: =SUM(X119:X148) -> #REF!
A150: 46146 | B150: SPOLETO JABAQUARA | C150: 3347.52 | D150: 57 | I150: Sao Paulo | K150: 45778 | L150: =K150 -> 45778 | M150: 3385.02 | N150: 72 | O150: 47.01 | P150: 46143 | Q150: =P150 -> 46143 | R150: =M150*$Z$1 -> 3892.773 | T150: =S150/V150 -> 0 | U150: =R150-T150 -> 3892.773 | V150: =N150*$Z$1 -> 82.8 | W150: =D150 -> 57 | X150: =W150-V150 -> -25.8
A151: 46147 | B151: SPOLETO JABAQUARA | C151: 3508.48 | D151: 59 | I151: Sao Paulo | K151: 45779 | L151: =K151 -> 45779 | M151: 3385.02 | N151: 72 | O151: 47.01 | P151: 46144 | Q151: =P151 -> 46144 | R151: =M151*$Z$1 -> 3892.773 | T151: =S151/V151 -> 0 | U151: =R151-T151 -> 3892.773 | V151: =N151*$Z$1 -> 82.8 | W151: =D151 -> 59 | X151: =W151-V151 -> -23.8
A152: 46148 | B152: SPOLETO JABAQUARA | C152: 3544 | D152: 63 | I152: Sao Paulo | K152: 45780 | L152: =K152 -> 45780 | M152: 3385.02 | N152: 72 | O152: 47.01 | P152: 46145 | Q152: =P152 -> 46145 | R152: =M152*$Z$1 -> 3892.773 | T152: =S152/V152 -> 0 | U152: =R152-T152 -> 3892.773 | V152: =N152*$Z$1 -> 82.8 | W152: =D152 -> 63 | X152: =W152-V152 -> -19.8
A153: 46149 | B153: SPOLETO JABAQUARA | C153: 4374.07 | D153: 77 | I153: Sao Paulo | K153: 45781 | L153: =K153 -> 45781 | M153: 3385.02 | N153: 72 | O153: 47.01 | P153: 46146 | Q153: =P153 -> 46146 | R153: =M153*$Z$1 -> 3892.773 | T153: =S153/V153 -> 0 | U153: =R153-T153 -> 3892.773 | V153: =N153*$Z$1 -> 82.8 | W153: =D153 -> 77 | X153: =W153-V153 -> -5.8
...

Sheet PINHEIROS
A1: 0 | B1: OPERAÇÃO | C1: SSS (R$) | D1: SSO (UN) | E1: ADT (MIN) | F1: EXTREMO (UN) | G1: ENTREGAS/MOTOBOY | H1: CMV | I1: LOCALIZAÇÃO | J1: OBS | K1: NOME | L1: DATA | M1: DIA SEMANA | N1: S/ TX ENTREGA | O1: C/ TX ENTREGA | P1: TC | Q1: TM | R1: DATA | S1: DIA SEMANA | T1: FAT ORÇADO | U1: REALIZADO | V1: TM | W1: DIF | X1: TC ORÇADO | Y1: REALIZADO | Z1: VAR | AA1: 1.1 | AB1: BASE
A2: 45998 | B2: PINHEIROS | C2: =6127.62+416.5 -> 6544.12 | D2: 60 | E2: 41.8 | F2: 10 | G2: 15 | H2: 0.319 | I2: Sao Paulo
A3: 45999 | B3: PINHEIROS | C3: 3206.9 | D3: 34 | E3: 21.58 | F3: 1 | G3: 9.67 | H3: 0.334 | I3: Sao Paulo
A4: 46000 | B4: PINHEIROS | C4: 3469.53 | D4: 40 | E4: 51.03 | F4: 17 | G4: 16.5 | H4: 0.3254 | I4: Sao Paulo | J4: queda de luz e falta de motoboy
A5: 46001 | B5: PINHEIROS | C5: 4420.16 | D5: 36 | E5: 28.25 | F5: 3 | G5: 12 | H5: 0.3212 | I5: Sao Paulo | J5: turno da noite, tambem trabalhou com sob de manda
A6: 46002 | B6: PINHEIROS | C6: 4085.95 | D6: 34 | E6: 25.53 | F6: 3 | G6: 16 | H6: 0.3217 | I6: Sao Paulo | J6: trabalhou apenas um motooby, noite rodoou com sob demanda
A7: 46003 | B7: PINHEIROS | C7: 8335.39 | D7: 84 | E7: 40.43 | F7: 4 | G7: 13.9 | H7: 0.3373 | I7: Sao Paulo
A8: 46004 | B8: PINHEIROS | C8: 6978.95 | D8: 83 | E8: 31.17 | F8: 5 | G8: 13.25 | H8: 0.3014 | I8: Sao Paulo
A9: 46005 | B9: PINHEIROS | C9: 4529 | D9: 46 | E9: 34.56 | F9: 4 | G9: 11.33 | H9: 0.2898 | I9: Sao Paulo
A10: 46006 | B10: PINHEIROS | C10: 1846.91 | D10: 16 | E10: 25.76 | F10: 0 | G10: 5.33 | H10: 0.3149 | I10: Sao Paulo
A11: 46007 | B11: PINHEIROS | C11: 4717.77 | D11: 41 | E11: 37.21 | F11: 19 | G11: 7 | H11: 0.3409 | I11: Sao Paulo
A12: 46008 | B12: PINHEIROS | C12: 7506.28 | D12: 43 | E12: 52.52 | F12: 7 | G12: 7 | H12: 0.3243 | I12: Sao Paulo | J12: tempo de adt alto por conta de dois pedidos que ficou alto
A13: 46009 | B13: PINHEIROS | C13: 7062.47 | D13: 59 | E13: 28.38 | F13: 4 | G13: 17 | H13: 0.3162 | I13: Sao Paulo
A14: 46010 | B14: PINHEIROS | C14: 8908.14 | D14: 80 | E14: 31.18 | F14: 13 | G14: 10.5 | H14: 0.2945 | I14: Sao Paulo
A15: 46011 | B15: PINHEIROS | C15: 8835.84 | D15: 97 | E15: 29.92 | F15: 7 | G15: 11.16 | H15: 0.3745 | I15: Sao Paulo
A16: 46012 | B16: PINHEIROS | C16: 6180.17 | D16: 58 | E16: 38.49 | F16: 7 | G16: 9.6 | H16: 0.3152 | I16: Sao Paulo
A17: 46013 | B17: PINHEIROS | C17: 3542.56 | D17: 25 | E17: 38.49 | F17: 7 | G17: 7 | H17: 0.311 | I17: Sao Paulo
A18: 46014 | B18: PINHEIROS | C18: 5193.93 | D18: 49 | E18: 25.82 | F18: 4 | G18: 8.2 | H18: 0.3624 | I18: Sao Paulo
A19: 46015 | B19: PINHEIROS | I19: Sao Paulo | J19: loja fechada
A20: 46016 | B20: PINHEIROS | C20: 10063 | D20: 105 | E20: 32.63 | F20: 13 | G20: 12.57 | H20: 0.3334 | I20: Sao Paulo
A21: 46017 | B21: PINHEIROS | C21: 4247.1 | D21: 56 | E21: 30.29 | F21: 8 | G21: 8.6 | H21: 0.2688 | I21: Sao Paulo
A22: 46018 | B22: PINHEIROS | C22: 5275.9 | D22: 62 | E22: 29.12 | F22: 10 | G22: 7.6 | H22: 0.3826 | I22: Sao Paulo
A23: 46019 | B23: PINHEIROS | C23: 3916.5 | D23: 36 | E23: 29.39 | F23: 4 | G23: 8 | H23: 0.3076 | I23: Sao Paulo
A24: 46020 | B24: PINHEIROS | C24: 3122.66 | D24: 37 | E24: 30.25 | F24: 6 | G24: 13 | H24: 0.3356 | I24: Sao Paulo
A25: 46021 | B25: PINHEIROS | C25: 3426.7 | D25: 36 | E25: 28.71 | F25: 4 | G25: 6.4 | H25: 0.3108 | I25: Sao Paulo
A26: 46022 | B26: PINHEIROS | I26: Sao Paulo | J26: fechada | K26: NOME | L26: DATA | M26: DIA SEMANA | N26: S/ TX ENTREGA | O26: C/ TX ENTREGA | P26: TC | Q26: TM | R26: DATA | S26: DIA SEMANA | T26: FAT ORÇADO | U26: REALIZADO | V26: TM | W26: DIF | X26: TC ORÇADO | Y26: REALIZADO | Z26: VAR
A27: 46023 | B27: PINHEIROS | C27: 7134.49 | D27: 79 | E27: 39.23 | F27: 13 | G27: 13.8 | H27: 0.3001 | I27: Sao Paulo | K27: PINHEIROS | L27: 45658 | M27: 45658 | N27: 5102.51 | O27: 5102.51 | P27: 60 | Q27: 85.04 | R27: 46023 | S27: 46023 | T27: =O28*$AA$1 -> 2047.012 | U27: =C27 -> 7134.49 | V27: =U27/Y27 -> 90.31 | W27: =U27-T27 -> 5087.478 | X27: =P27*$AA$1 -> 66 | Y27: =D27 -> 79 | Z27: =Y27-X27 -> 13
A28: 46024 | B28: PINHEIROS | C28: 4156.08 | D28: 41 | E28: 30.03 | F28: 8 | G28: 11.33 | H28: 0.2723 | I28: Sao Paulo | K28: PINHEIROS | L28: 45659 | M28: 45659 | N28: 1759.73 | O28: 1860.92 | P28: 23 | Q28: 80.91 | R28: 46024 | S28: 46024 | T28: =O29*$AA$1 -> 3623.048 | U28: =C28 -> 4156.08 | V28: =U28/Y28 -> 101.3678 | W28: =U28-T28 -> 533.032 | X28: =P28*$AA$1 -> 25.3 | Y28: =D28 -> 41 | Z28: =Y28-X28 -> 15.7
A29: 46025 | B29: PINHEIROS | C29: 6844.99 | D29: 75 | E29: 28.47 | F29: 7 | G29: 14.5 | H29: 0.2631 | I29: Sao Paulo | K29: PINHEIROS | L29: 45660 | M29: 45660 | N29: 2824.64 | O29: 3293.68 | P29: 40 | Q29: 82.34 | R29: 46025 | S29: 46025 | T29: =O30*$AA$1 -> 4436.465 | U29: =C29 -> 6844.99 | V29: =U29/Y29 -> 91.266533 | W29: =U29-T29 -> 2408.525 | X29: =P29*$AA$1 -> 44 | Y29: =D29 -> 75 | Z29: =Y29-X29 -> 31
A30: 46026 | B30: PINHEIROS | C30: =5912+476 -> 6388 | D30: 59 | E30: 30.79 | F30: 11 | G30: 9.6 | H30: 0.3137 | I30: Sao Paulo | K30: PINHEIROS | L30: 45661 | M30: 45661 | N30: 3732.38 | O30: 4033.15 | P30: 46 | Q30: 87.68 | R30: 46026 | S30: 46026 | T30: =O31*$AA$1 -> 3518.119 | U30: =C30 -> 6388 | V30: =U30/Y30 -> 108.27119 | W30: =U30-T30 -> 2869.881 | X30: =P30*$AA$1 -> 50.6 | Y30: =D30 -> 59 | Z30: =Y30-X30 -> 8.4
A31: 46027 | B31: PINHEIROS | C31: 2397.3 | D31: 23 | E31: 28.42 | F31: 4 | G31: 11 | H31: 0.3681 | I31: Sao Paulo | K31: PINHEIROS | L31: 45662 | M31: 45662 | N31: 2959.77 | O31: 3198.29 | P31: 35 | Q31: 91.38 | R31: 46027 | S31: 46027 | T31: =O32*$AA$1 -> 1863.51 | U31: =C31 -> 2397.3 | V31: =U31/Y31 -> 104.23043 | W31: =U31-T31 -> 533.79 | X31: =P31*$AA$1 -> 38.5 | Y31: =D31 -> 23 | Z31: =Y31-X31 -> -15.5
A32: 46028 | B32: PINHEIROS | C32: 3330.43 | D32: 28 | E32: 26.45 | F32: 2 | G32: 5.75 | H32: 0.3295 | I32: Sao Paulo | K32: PINHEIROS | L32: 45663 | M32: 45663 | N32: 1578.45 | O32: 1694.1 | P32: 19 | Q32: 89.16 | R32: 46028 | S32: 46028 | T32: =O33*$AA$1 -> 2652.364 | U32: =C32 -> 3330.43 | V32: =U32/Y32 -> 118.94393 | W32: =U32-T32 -> 678.066 | X32: =P32*$AA$1 -> 20.9 | Y32: =D32 -> 28 | Z32: =Y32-X32 -> 7.1
A33: 46029 | B33: PINHEIROS | C33: 2672.14 | D33: 27 | E33: 24.61 | F33: 0 | G33: 5.75 | H33: 0.3032 | I33: Sao Paulo | K33: PINHEIROS | L33: 45664 | M33: 45664 | N33: 2259.45 | O33: 2411.24 | P33: 25 | Q33: 96.45 | R33: 46029 | S33: 46029 | T33: =O34*$AA$1 -> 3951.651 | U33: =C33 -> 2672.14 | V33: =U33/Y33 -> 98.968148 | W33: =U33-T33 -> -1279.511 | X33: =P33*$AA$1 -> 27.5 | Y33: =D33 -> 27 | Z33: =Y33-X33 -> -0.5
A34: 46030 | B34: PINHEIROS | C34: 3391.58 | D34: 39 | E34: 23.4 | F34: 0 | G34: 7 | H34: 0.2761 | I34: Sao Paulo | K34: PINHEIROS | L34: 45665 | M34: 45665 | N34: 3397.25 | O34: 3592.41 | P34: 45 | Q34: 79.83 | R34: 46030 | S34: 46030 | T34: =O35*$AA$1 -> 2205.28 | U34: =C34 -> 3391.58 | V34: =U34/Y34 -> 86.96359 | W34: =U34-T34 -> 1186.3 | X34: =P34*$AA$1 -> 49.5 | Y34: =D34 -> 39 | Z34: =Y34-X34 -> -10.5
A35: 46031 | B35: PINHEIROS | C35: 5983.22 | D35: 65 | E35: 25.97 | F35: 3 | G35: 7.33 | H35: 0.2707 | I35: Sao Paulo | K35: PINHEIROS | L35: 45666 | M35: 45666 | N35: 1860.24 | O35: 2004.8 | P35: 21 | Q35: 95.47 | R35: 46031 | S35: 46031 | T35: =O36*$AA$1 -> 4765.013 | U35: =C35 -> 5983.22 | V35: =U35/Y35 -> 92.049538 | W35: =U35-T35 -> 1218.207 | X35: =P35*$AA$1 -> 23.1 | Y35: =D35 -> 65 | Z35: =Y35-X35 -> 41.9
A36: 46032 | B36: PINHEIROS | C36: 5247.69 | D36: 67 | E36: 25.36 | F36: 1 | G36: 5.83 | H36: 0.2433 | I36: Sao Paulo | K36: PINHEIROS | L36: 45667 | M36: 45667 | N36: 4136.67 | O36: 4331.83 | P36: 45 | Q36: 96.26 | R36: 46032 | S36: 46032 | T36: =O37*$AA$1 -> 6303.704 | U36: =C36 -> 5247.69 | V36: =U36/Y36 -> 78.323731 | W36: =U36-T36 -> -1056.014 | X36: =P36*$AA$1 -> 49.5 | Y36: =D36 -> 67 | Z36: =Y36-X36 -> 17.5
A37: 46033 | B37: PINHEIROS | C37: 3953.47 | D37: 43 | E37: 27.43 | F37: 1 | G37: 11.66 | H37: 0.2954 | I37: Sao Paulo | K37: PINHEIROS | L37: 45668 | M37: 45668 | N37: 5419.84 | O37: 5730.64 | P37: 59 | Q37: 97.13 | R37: 46033 | S37: 46033 | T37: =O38*$AA$1 -> 3167.197 | U37: =C37 -> 3953.47 | V37: =U37/Y37 -> 91.941163 | W37: =U37-T37 -> 786.273 | X37: =P37*$AA$1 -> 64.9 | Y37: =D37 -> 43 | Z37: =Y37-X37 -> -21.9
A38: 46034 | B38: PINHEIROS | C38: 2814.4 | D38: 28 | E38: 25.76 | F38: 0 | G38: 13 | H38: 0.2907 | I38: Sao Paulo | K38: PINHEIROS | L38: 45669 | M38: 45669 | N38: 2705.8 | O38: 2879.27 | P38: 32 | Q38: 89.98 | R38: 46034 | S38: 46034 | T38: =O39*$AA$1 -> 1834.789 | U38: =C38 -> 2814.4 | V38: =U38/Y38 -> 100.51429 | W38: =U38-T38 -> 979.611 | X38: =P38*$AA$1 -> 35.2 | Y38: =D38 -> 28 | Z38: =Y38-X38 -> -7.2
A39: 46035 | B39: PINHEIROS | C39: 5488.5 | D39: 35 | E39: 25.79 | F39: 2 | G39: 7.25 | H39: 0.2892 | I39: Sao Paulo | K39: PINHEIROS | L39: 45670 | M39: 45670 | N39: 1566.8 | O39: 1667.99 | P39: 18 | Q39: 92.67 | R39: 46035 | S39: 46035 | T39: =O40*$AA$1 -> 2540.142 | U39: =C39 -> 5488.5 | V39: =U39/Y39 -> 156.81429 | W39: =U39-T39 -> 2948.358 | X39: =P39*$AA$1 -> 19.8 | Y39: =D39 -> 35 | Z39: =Y39-X39 -> 15.2
A40: 46036 | B40: PINHEIROS | C40: 3335.96 | D40: 33 | E40: 24.47 | F40: 2 | G40: 13.5 | H40: 0.263 | I40: Sao Paulo | K40: PINHEIROS | L40: 45671 | M40: 45671 | N40: 2164.66 | O40: 2309.22 | P40: 26 | Q40: 88.82 | R40: 46036 | S40: 46036 | T40: =O41*$AA$1 -> 2560.602 | U40: =C40 -> 3335.96 | V40: =U40/Y40 -> 101.0897 | W40: =U40-T40 -> 775.358 | X40: =P40*$AA$1 -> 28.6 | Y40: =D40 -> 33 | Z40: =Y40-X40 -> 4.4
A41: 46037 | B41: PINHEIROS | C41: 3913.91 | D41: 38 | E41: 29.97 | F41: 5 | G41: 9 | H41: 0.2868 | I41: Sao Paulo | J41: queda de luz e falha no gcom | K41: PINHEIROS | L41: 45672 | M41: 45672 | N41: 2147.12 | O41: 2327.82 | P41: 27 | Q41: 86.22 | R41: 46037 | S41: 46037 | T41: =O42*$AA$1 -> 3379.145 | U41: =C41 -> 3913.91 | V41: =U41/Y41 -> 102.99763 | W41: =U41-T41 -> 534.765 | X41: =P41*$AA$1 -> 29.7 | Y41: =D41 -> 38 | Z41: =Y41-X41 -> 8.3
A42: 46038 | B42: PINHEIROS | C42: 6501.13 | D42: 65 | E42: 25.67 | F42: 1 | G42: 13.75 | H42: 0.3146 | I42: Sao Paulo | K42: PINHEIROS | L42: 45673 | M42: 45673 | N42: 2797.28 | O42: 3071.95 | P42: 32 | Q42: 96 | R42: 46038 | S42: 46038 | T42: =O43*$AA$1 -> 4679.51 | U42: =C42 -> 6501.13 | V42: =U42/Y42 -> 100.01738 | W42: =U42-T42 -> 1821.62 | X42: =P42*$AA$1 -> 35.2 | Y42: =D42 -> 65 | Z42: =Y42-X42 -> 29.8
A43: 46039 | B43: PINHEIROS | C43: 8911.19 | D43: 96 | E43: 28.65 | F43: 7 | G43: 13.4 | H43: 0.3186 | I43: Sao Paulo | K43: PINHEIROS | L43: 45674 | M43: 45674 | N43: 3950.53 | O43: 4254.1 | P43: 45 | Q43: 94.54 | R43: 46039 | S43: 46039 | T43: =O44*$AA$1 -> 4212.802 | U43: =C43 -> 8911.19 | V43: =U43/Y43 -> 92.824896 | W43: =U43-T43 -> 4698.388 | X43: =P43*$AA$1 -> 49.5 | Y43: =D43 -> 96 | Z43: =Y43-X43 -> 46.5
A44: 46040 | B44: PINHEIROS | C44: 4190.18 | D44: 42 | E44: 25.19 | F44: 1 | G44: 8.2 | H44: 0.2749 | I44: Sao Paulo | K44: PINHEIROS | L44: 45675 | M44: 45675 | N44: 3584.07 | O44: 3829.82 | P44: 40 | Q44: 95.75 | R44: 46040 | S44: 46040 | T44: =O45*$AA$1 -> 2908.18 | U44: =C44 -> 4190.18 | V44: =U44/Y44 -> 99.76619 | W44: =U44-T44 -> 1282 | X44: =P44*$AA$1 -> 44 | Y44: =D44 -> 42 | Z44: =Y44-X44 -> -2
A45: 46041 | B45: PINHEIROS | C45: 3743.08 | D45: 36 | E45: 29.4 | F45: 5 | G45: 15.5 | H45: 0.3323 | I45: Sao Paulo | K45: PINHEIROS | L45: 45676 | M45: 45676 | N45: 2463.1 | O45: 2643.8 | P45: 29 | Q45: 91.17 | R45: 46041 | S45: 46041 | T45: =O46*$AA$1 -> 3506.272 | U45: =C45 -> 3743.08 | V45: =U45/Y45 -> 103.97444 | W45: =U45-T45 -> 236.808 | X45: =P45*$AA$1 -> 31.9 | Y45: =D45 -> 36 | Z45: =Y45-X45 -> 4.1
A46: 46042 | B46: PINHEIROS | C46: 3192.16 | D46: 36 | E46: 24.59 | F46: 3 | G46: 6.5 | H46: 0.3146 | I46: Sao Paulo | K46: PINHEIROS | L46: 45677 | M46: 45677 | N46: 2934.54 | O46: 3187.52 | P46: 35 | Q46: 91.07 | R46: 46042 | S46: 46042 | T46: =O47*$AA$1 -> 1678.248 | U46: =C46 -> 3192.16 | V46: =U46/Y46 -> 88.671111 | W46: =U46-T46 -> 1513.912 | X46: =P46*$AA$1 -> 38.5 | Y46: =D46 -> 36 | Z46: =Y46-X46 -> -2.5
A47: 46043 | B47: PINHEIROS | C47: 2420.33 | D47: 27 | E47: 22.44 | F47: 0 | G47: 7 | H47: 0.2695 | I47: Sao Paulo | K47: PINHEIROS | L47: 45678 | M47: 45678 | N47: 1373.89 | O47: 1525.68 | P47: 17 | Q47: 89.75 | R47: 46043 | S47: 46043 | T47: =O48*$AA$1 -> 2259.708 | U47: =C47 -> 2420.33 | V47: =U47/Y47 -> 89.641852 | W47: =U47-T47 -> 160.622 | X47: =P47*$AA$1 -> 18.7 | Y47: =D47 -> 27 | Z47: =Y47-X47 -> 8.3
A48: 46044 | B48: PINHEIROS | C48: 3976.76 | D48: 29 | E48: 20.57 | F48: 0 | G48: 12.5 | H48: 0.3052 | I48: Sao Paulo | K48: PINHEIROS | L48: 45679 | M48: 45679 | N48: 1873.58 | O48: 2054.28 | P48: 22 | Q48: 93.38 | R48: 46044 | S48: 46044 | T48: =O49*$AA$1 -> 2462.35 | U48: =C48 -> 3976.76 | V48: =U48/Y48 -> 137.12966 | W48: =U48-T48 -> 1514.41 | X48: =P48*$AA$1 -> 24.2 | Y48: =D48 -> 29 | Z48: =Y48-X48 -> 4.8
A49: 46045 | B49: PINHEIROS | C49: 10549.45 | D49: 108 | E49: 26.68 | F49: 6 | G49: 16.2 | H49: 0.2818 | I49: Sao Paulo | K49: PINHEIROS | L49: 45680 | M49: 45680 | N49: 2101.17 | O49: 2238.5 | P49: 25 | Q49: 89.54 | R49: 46045 | S49: 46045 | T49: =O50*$AA$1 -> 5639.458 | U49: =C49 -> 10549.45 | V49: =U49/Y49 -> 97.680093 | W49: =U49-T49 -> 4909.992 | X49: =P49*$AA$1 -> 27.5 | Y49: =D49 -> 108 | Z49: =Y49-X49 -> 80.5
A50: 46046 | B50: PINHEIROS | C50: 7293.12 | D50: 82 | E50: 25.63 | F50: 6 | G50: 12.2 | H50: 0.2959 | I50: Sao Paulo | K50: PINHEIROS | L50: 45681 | M50: 45681 | N50: 4895.49 | O50: 5126.78 | P50: 53 | Q50: 96.73 | R50: 46046 | S50: 46046 | T50: =O51*$AA$1 -> 5223.119 | U50: =C50 -> 7293.12 | V50: =U50/Y50 -> 88.940488 | W50: =U50-T50 -> 2070.001 | X50: =P50*$AA$1 -> 58.3 | Y50: =D50 -> 82 | Z50: =Y50-X50 -> 23.7
A51: 46047 | B51: PINHEIROS | C51: 6534.77 | D51: 66 | E51: 26.04 | F51: 2 | G51: 9.5 | H51: 0.2866 | I51: Sao Paulo | K51: PINHEIROS | L51: 45682 | M51: 45682 | N51: 4451.94 | O51: 4748.29 | P51: 54 | Q51: 87.93 | R51: 46047 | S51: 46047 | T51: =O52*$AA$1 -> 3773 | U51: =C51 -> 6534.77 | V51: =U51/Y51 -> 99.011667 | W51: =U51-T51 -> 2761.77 | X51: =P51*$AA$1 -> 59.4 | Y51: =D51 -> 66 | Z51: =Y51-X51 -> 6.6
A52: 46048 | B52: PINHEIROS | C52: 1959.73 | D52: 18 | E52: 21.08 | F52: 0 | G52: 7.5 | H52: 0.3152 | I52: Sao Paulo | K52: PINHEIROS | L52: 45683 | M52: 45683 | N52: 3119.2 | O52: 3430 | P52: 36 | Q52: 95.28 | R52: 46048 | S52: 46048 | T52: =O53*$AA$1 -> 1337.391 | U52: =C52 -> 1959.73 | V52: =U52/Y52 -> 108.87389 | W52: =U52-T52 -> 622.339 | X52: =P52*$AA$1 -> 39.6 | Y52: =D52 -> 18 | Z52: =Y52-X52 -> -21.6
A53: 46049 | B53: PINHEIROS | C53: 4929.86 | D53: 49 | E53: 27.99 | F53: 3 | G53: 10.5 | H53: 0.32 | I53: Sao Paulo | K53: PINHEIROS | L53: 45684 | M53: 45684 | N53: 1129.08 | O53: 1215.81 | P53: 15 | Q53: 81.05 | R53: 46049 | S53: 46049 | T53: =O54*$AA$1 -> 3618.703 | U53: =C53 -> 4929.86 | V53: =U53/Y53 -> 100.60939 | W53: =U53-T53 -> 1311.157 | X53: =P53*$AA$1 -> 16.5 | Y53: =D53 -> 49 | Z53: =Y53-X53 -> 32.5
... A55: 46051 | B55: PINHEIROS | C55: 3670.31 | D55: 27 | E55: 27.1 | F55: 0 | G55: 4.75 | H55: 0.366 | I55: Sao Paulo | K55: PINHEIROS | L55: 45686 | M55: 45686 | N55: 4943.7 | O55: 5232.82 | P55: 54 | Q55: 96.9 | R55: 46051 | S55: 46051 | T55: =O56*$AA$1 -> 2828.914 | U55: =C55 -> 3670.31 | V55: =U55/Y55 -> 135.93741 | W55: =U55-T55 -> 841.396 | X55: =P55*$AA$1 -> 59.4 | Y55: =D55 -> 27 | Z55: =Y55-X55 -> -32.4
A56: 46052 | B56: PINHEIROS | C56: 9552.95 | D56: 89 | E56: 34.41 | F56: 20 | G56: 16.75 | H56: 0.3057 | I56: Sao Paulo | J56: loja trabalhou com apenas tres motoboy e sob demanda | K56: PINHEIROS | L56: 45687 | M56: 45687 | N56: 2391.04 | O56: 2571.74 | P56: 27 | Q56: 95.25 | R56: 46052 | S56: 46052 | T56: =O57*$AA$1 -> 2036.452 | U56: =C56 -> 9552.95 | V56: =U56/Y56 -> 107.33652 | W56: =U56-T56 -> 7516.498 | X56: =P56*$AA$1 -> 29.7 | Y56: =D56 -> 89 | Z56: =Y56-X56 -> 59.3
A57: 46053 | B57: PINHEIROS | C57: 7373.79 | D57: 96 | E57: 32.37 | F57: 17 | G57: 11.8 | H57: 0.3012 | I57: Sao Paulo | K57: PINHEIROS | L57: 45688 | M57: 45688 | N57: 1829.64 | O57: 1851.32 | P57: 22 | Q57: 84.15 | R57: 46053 | S57: 46053 | T57: =O59*$AA$1 -> 4329.996 | U57: =C57 -> 7373.79 | V57: =U57/Y57 -> 76.810312 | W57: =U57-T57 -> 3043.794 | X57: =P57*$AA$1 -> 24.2 | Y57: =D57 -> 96 | Z57: =Y57-X57 -> 71.8
A58: 46054 | B58: PINHEIROS | C58: 7651.92 | D58: 70 | E58: 21.77 | F58: 4 | G58: 20.33 | H58: 0.3166 | I58: Sao Paulo | K58: 46047 | M58: TOTAL | N58: =SUM(N27:N57) -> 90540.9 | O58: =SUM(O27:O57) -> 96710.01 | P58: =SUM(P27:P57) -> 1062 | Q58: =O58/P58 -> 91.06404 | R58: 46048 | S58: TOTAL | T58: =O58*$AA$1 -> 106381.01 | U58: =SUM(U27:U57) -> 155211.96 | V58: =U58/Y58 -> 98.735344 | W58: =SUM(W27:W57) -> 50113.714 | X58: =P58*$AA$1 -> 1168.2 | Y58: =SUM(Y27:Y57) -> 1572 | Z58: =SUM(Z27:Z57) -> 403.8
A59: 46055 | B59: PINHEIROS | C59: 2492.71 | D59: 24 | E59: 25.88 | F59: 4 | G59: 11.5 | H59: 0.2977 | I59: Sao Paulo | K59: PINHEIROS | L59: 45689 | M59: 45689 | N59: 3813.55 | O59: 3936.36 | P59: 43 | Q59: 91.54 | R59: 46054 | S59: 46054 | T59: =O60*$AA$1 -> 2293.544 | U59: =C59 -> 2492.71 | V59: =U59/Y59 -> 103.86292 | W59: =U59-T59 -> 199.166 | X59: =P59*$AA$1 -> 47.3 | Y59: =D59 -> 24 | Z59: =Y59-X59 -> -23.3
A60: 46056 | B60: PINHEIROS | C60: 3523.81 | D60: 36 | E60: 22.45 | F60: 1 | G60: 7 | H60: 0.3086 | I60: Sao Paulo | K60: PINHEIROS | L60: 45690 | M60: 45690 | N60: 2033.77 | O60: 2085.04 | P60: 24 | Q60: 86.88 | R60: 46055 | S60: 46055 | T60: =O61*$AA$1 -> 3264.448 | U60: =C60 -> 3523.81 | V60: =U60/Y60 -> 97.883611 | W60: =U60-T60 -> 259.362 | X60: =P60*$AA$1 -> 26.4 | Y60: =D60 -> 36 | Z60: =Y60-X60 -> 9.6
A61: 46057 | B61: PINHEIROS | C61: 3344.49 | D61: 35 | E61: 24.63 | F61: 2 | G61: 7.5 | H61: 0.3089 | I61: Sao Paulo | K61: PINHEIROS | L61: 45691 | M61: 45691 | N61: 2911.22 | O61: 2967.68 | P61: 32 | Q61: 92.74 | R61: 46056 | S61: 46056 | T61: =O62*$AA$1 -> 4863.573 | U61: =C61 -> 3344.49 | V61: =U61/Y61 -> 95.556857 | W61: =U61-T61 -> -1519.083 | X61: =P61*$AA$1 -> 35.2 | Y61: =D61 -> 35 | Z61: =Y61-X61 -> -0.2
A62: 46058 | B62: PINHEIROS | C62: 4612.04 | D62: 39 | E62: 26.77 | F62: 4 | G62: 7.2 | H62: 0.2819 | I62: Sao Paulo | K62: PINHEIROS | L62: 45692 | M62: 45692 | N62: 4377.23 | O62: 4421.43 | P62: 47 | Q62: 94.07 | R62: 46057 | S62: 46057 | T62: =O63*$AA$1 -> 2714.195 | U62: =C62 -> 4612.04 | V62: =U62/Y62 -> 118.25744 | W62: =U62-T62 -> 1897.845 | X62: =P62*$AA$1 -> 51.7 | Y62: =D62 -> 39 | Z62: =Y62-X62 -> -12.7
A63: 46059 | B63: PINHEIROS | C63: 7520.86 | D63: 73 | E63: 32.48 | F63: 17 | G63: 20.66 | H63: 0.288 | I63: Sao Paulo | K63: PINHEIROS | L63: 45693 | M63: 45693 | N63: 2396.85 | O63: 2467.45 | P63: 26 | Q63: 94.9 | R63: 46058 | S63: 46058 | T63: =O64*$AA$1 -> 7260.297 | U63: =C63 -> 7520.86 | V63: =U63/Y63 -> 103.02548 | W63: =U63-T63 -> 260.563 | X63: =P63*$AA$1 -> 28.6 | Y63: =D63 -> 73 | Z63: =Y63-X63 -> 44.4
A64: 46060 | B64: PINHEIROS | C64: 9987.62 | D64: 99 | E64: 32.57 | F64: 21 | G64: 20.25 | H64: 0.2912 | I64: Sao Paulo | K64: PINHEIROS | L64: 45694 | M64: 45694 | N64: 6574.39 | O64: 6600.27 | P64: 68 | Q64: 97.06 | R64: 46059 | S64: 46059 | T64: =O65*$AA$1 -> 7572.268 | U64: =C64 -> 9987.62 | V64: =U64/Y64 -> 100.88505 | W64: =U64-T64 -> 2415.352 | X64: =P64*$AA$1 -> 74.8 | Y64: =D64 -> 99 | Z64: =Y64-X64 -> 24.2
A65: 46061 | B65: PINHEIROS | C65: 5925.45 | D65: 77 | E65: 48.34 | F65: 28 | G65: 10.75 | H65: 0.3228 | I65: Sao Paulo | J65: loja trabalhou c/3 motoboy e nao tinha sob demanda | K65: PINHEIROS | L65: 45695 | M65: 45695 | N65: 6685.03 | O65: 6883.88 | P65: 77 | Q65: 89.4 | R65: 46060 | S65: 46060 | T65: =O66*$AA$1 -> 4329.996 | U65: =C65 -> 5925.45 | V65: =U65/Y65 -> 76.953896 | W65: =U65-T65 -> 1595.454 | X65: =P65*$AA$1 -> 84.7 | Y65: =D65 -> 77 | Z65: =Y65-X65 -> -7.7
A66: 46062 | B66: PINHEIROS | C66: 1836.42 | D66: 18 | E66: 20.01 | F66: 0 | G66: 9 | H66: 0.2654 | I66: Sao Paulo | K66: PINHEIROS | L66: 45696 | M66: 45696 | N66: 3813.55 | O66: 3936.36 | P66: 43 | Q66: 91.54 | R66: 46061 | S66: 46061 | T66: =O67*$AA$1 -> 2293.544 | U66: =C66 -> 1836.42 | V66: =U66/Y66 -> 102.02333 | W66: =U66-T66 -> -457.124 | X66: =P66*$AA$1 -> 47.3 | Y66: =D66 -> 18 | Z66: =Y66-X66 -> -29.3
A67: 46063 | B67: PINHEIROS | C67: 2296.52 | D67: 29 | E67: 22.61 | F67: 0 | G67: 7 | H67: 0.3498 | I67: Sao Paulo | K67: PINHEIROS | L67: 45697 | M67: 45697 | N67: 2033.77 | O67: 2085.04 | P67: 24 | Q67: 86.88 | R67: 46062 | S67: 46062 | T67: =O68*$AA$1 -> 3264.448 | U67: =C67 -> 2296.52 | V67: =U67/Y67 -> 79.190345 | W67: =U67-T67 -> -967.928 | X67: =P67*$AA$1 -> 26.4 | Y67: =D67 -> 29 | Z67: =Y67-X67 -> 2.6
A68: 46064 | B68: PINHEIROS | C68: 3273.48 | D68: 32 | E68: 29.28 | F68: 2 | G68: 6.5 | H68: 0.3104 | I68: Sao Paulo | K68: PINHEIROS | L68: 45698 | M68: 45698 | N68: 2911.22 | O68: 2967.68 | P68: 32 | Q68: 92.74 | R68: 46063 | S68: 46063 | T68: =O69*$AA$1 -> 4863.573 | U68: =C68 -> 3273.48 | V68: =U68/Y68 -> 102.29625 | W68: =U68-T68 -> -1590.093 | X68: =P68*$AA$1 -> 35.2 | Y68: =D68 -> 32 | Z68: =Y68-X68 -> -3.2
A69: 46065 | B69: PINHEIROS | C69: 5243.78 | D69: 44 | E69: 34.9 | F69: 12 | G69: 9.75 | H69: 0.2823 | I69: Sao Paulo | K69: PINHEIROS | L69: 45699 | M69: 45699 | N69: 4377.23 | O69: 4421.43 | P69: 50 | Q69: 88.43 | R69: 46064 | S69: 46064 | T69: =O70*$AA$1 -> 2714.195 | U69: =C69 -> 5243.78 | V69: =U69/Y69 -> 119.17682 | W69: =U69-T69 -> 2529.585 | X69: =P69*$AA$1 -> 55 | Y69: =D69 -> 44 | Z69: =Y69-X69 -> -11
A70: 46066 | B70: PINHEIROS | C70: 6211.1 | D70: 64 | E70: 29.81 | F70: 9 | G70: 10.4 | H70: 0.36 | I70: Sao Paulo | K70: PINHEIROS | L70: 45700 | M70: 45700 | N70: 2396.85 | O70: 2467.45 | P70: 26 | Q70: 94.9 | R70: 46065 | S70: 46065 | T70: =O71*$AA$1 -> 5864.628 | U70: =C70 -> 6211.1 | V70: =U70/Y70 -> 97.048438 | W70: =U70-T70 -> 346.472 | X70: =P70*$AA$1 -> 28.6 | Y70: =D70 -> 64 | Z70: =Y70-X70 -> 35.4
A71: 46067 | B71: PINHEIROS | C71: 7489.08 | D71: 79 | E71: 30.96 | F71: 8 | G71: 7.5 | H71: 0.2754 | I71: Sao Paulo | K71: PINHEIROS | L71: 45701 | M71: 45701 | N71: 5329.94 | O71: 5331.48 | P71: 55 | Q71: 96.94 | R71: 46066 | S71: 46066 | T71: =O72*$AA$1 -> 7758.41 | U71: =C71 -> 7489.08 | V71: =U71/Y71 -> 94.798481 | W71: =U71-T71 -> -269.33 | X71: =P71*$AA$1 -> 60.5 | Y71: =D71 -> 79 | Z71: =Y71-X71 -> 18.5
A72: 46068 | B72: PINHEIROS | C72: 6405.81 | D72: 73 | E72: 33.7 | F72: 14 | G72: 8.83 | H72: 0.293 | I72: Sao Paulo | K72: PINHEIROS | L72: 45702 | M72: 45702 | N72: 6983.26 | O72: 7053.1 | P72: 73 | Q72: 96.62 | R72: 46067 | S72: 46067 | T72: =O73*$AA$1 -> 3898.092 | U72: =C72 -> 6405.81 | V72: =U72/Y72 -> 87.750822 | W72: =U72-T72 -> 2507.718 | X72: =P72*$AA$1 -> 80.3 | Y72: =D72 -> 73 | Z72: =Y72-X72 -> -7.3
A73: 46069 | B73: PINHEIROS | C73: 4154.86 | D73: 40 | E73: 37.68 | F73: 14 | G73: 17 | H73: 0.2771 | I73: Sao Paulo | K73: PINHEIROS | L73: 45703 | M73: 45703 | N73: 3486.32 | O73: 3543.72 | P73: 39 | Q73: 90.86 | R73: 46068 | S73: 46068 | T73: =O74*$AA$1 -> 2258.201 | U73: =C73 -> 4154.86 | V73: =U73/Y73 -> 103.8715 | W73: =U73-T73 -> 1896.659 | X73: =P73*$AA$1 -> 42.9 | Y73: =D73 -> 40 | Z73: =Y73-X73 -> -2.9
A74: 46070 | B74: PINHEIROS | C74: 5022.54 | D74: 52 | E74: 29.02 | F74: 6 | G74: 9.5 | H74: 0.2885 | I74: Sao Paulo | K74: PINHEIROS | L74: 45704 | M74: 45704 | N74: 2018.76 | O74: 2052.91 | P74: 22 | Q74: 93.31 | R74: 46069 | S74: 46069 | T74: =O75*$AA$1 -> 3126.332 | U74: =C74 -> 5022.54 | V74: =U74/Y74 -> 96.587308 | W74: =U74-T74 -> 1896.208 | X74: =P74*$AA$1 -> 24.2 | Y74: =D74 -> 52 | Z74: =Y74-X74 -> 27.8
A75: 46071 | B75: PINHEIROS | C75: 2522.18 | D75: 30 | E75: 24.68 | F75: 1 | G75: 6.25 | H75: 0.259 | I75: Sao Paulo | K75: PINHEIROS | L75: 45705 | M75: 45705 | N75: 2789.08 | O75: 2842.12 | P75: 31 | Q75: 91.68 | R75: 46070 | S75: 46070 | T75: =O76*$AA$1 -> 3151.511 | U75: =C75 -> 2522.18 | V75: =U75/Y75 -> 84.072667 | W75: =U75-T75 -> -629.331 | X75: =P75*$AA$1 -> 34.1 | Y75: =D75 -> 30 | Z75: =Y75-X75 -> -4.1
A76: 46072 | B76: PINHEIROS | C76: 1819 | D76: 38 | E76: 15.16 | F76: 0 | G76: 2.33 | H76: 0.6293 | I76: Sao Paulo | J76: Problema no pulse. venda cancelada aprox/1961 | K76: PINHEIROS | L76: 45706 | M76: 45706 | N76: 2766.48 | O76: 2865.01 | P76: 33 | Q76: 86.82 | R76: 46071 | S76: 46071 | T76: =O77*$AA$1 -> 4158.946 | U76: =C76 -> 1819 | V76: =U76/Y76 -> 47.868421 | W76: =U76-T76 -> -2339.946 | X76: =P76*$AA$1 -> 36.3 | Y76: =D76 -> 38 | Z76: =Y76-X76 -> 1.7
A77: 46073 | B77: PINHEIROS | C77: 6854.53 | D77: 71 | E77: 33.27 | F77: 17 | G77: 11.4 | H77: 0.3176 | I77: Sao Paulo | K77: PINHEIROS | L77: 45707 | M77: 45707 | N77: 3604.19 | O77: 3780.86 | P77: 40 | Q77: 94.52 | R77: 46072 | S77: 46072 | T77: =O78*$AA$1 -> 5759.402 | U77: =C77 -> 6854.53 | V77: =U77/Y77 -> 96.542676 | W77: =U77-T77 -> 1095.128 | X77: =P77*$AA$1 -> 44 | Y77: =D77 -> 71 | Z77: =Y77-X77 -> 27
A78: 46074 | B78: PINHEIROS | C78: 6811.99 | D78: 72 | E78: 28.22 | F78: 5 | G78: 14.25 | H78: 0.2477 | I78: Sao Paulo | K78: PINHEIROS | L78: 45708 | M78: 45708 | N78: 5090.1 | O78: 5235.82 | P78: 56 | Q78: 93.5 | R78: 46073 | S78: 46073 | T78: =O79*$AA$1 -> 5184.993 | U78: =C78 -> 6811.99 | V78: =U78/Y78 -> 94.610972 | W78: =U78-T78 -> 1626.997 | X78: =P78*$AA$1 -> 61.6 | Y78: =D78 -> 72 | Z78: =Y78-X78 -> 10.4
A79: 46075 | B79: PINHEIROS | C79: 7260.22 | D79: 69 | E79: 26.77 | F79: 2 | G79: 12 | H79: 0.2634 | I79: Sao Paulo | K79: PINHEIROS | L79: 45709 | M79: 45709 | N79: 4617.93 | O79: 4713.63 | P79: 49 | Q79: 96.2 | R79: 46074 | S79: 46074 | T79: =O80*$AA$1 -> 3579.301 | U79: =C79 -> 7260.22 | V79: =U79/Y79 -> 105.22058 | W79: =U79-T79 -> 3680.919 | X79: =P79*$AA$1 -> 53.9 | Y79: =D79 -> 69 | Z79: =Y79-X79 -> 15.1
A80: 46076 | B80: PINHEIROS | C80: 2734.6 | D80: 21 | E80: 40.58 | F80: 6 | G80: 8 | H80: 0.3011 | I80: Sao Paulo | K80: PINHEIROS | L80: 45710 | M80: 45710 | N80: 3173.62 | O80: 3253.91 | P80: 35 | Q80: 92.97 | R80: 46075 | S80: 46075 | T80: =O81*$AA$1 -> 4315.41 | U80: =C80 -> 2734.6 | V80: =U80/Y80 -> 130.21905 | W80: =U80-T80 -> -1580.81 | X80: =P80*$AA$1 -> 38.5 | Y80: =D80 -> 21 | Z80: =Y80-X80 -> -17.5
A81: 46077 | B81: PINHEIROS | C81: 2960.8 | D81: 30 | E81: 26.1 | F81: 1 | G81: 5.75 | H81: 0.3289 | I81: Sao Paulo | K81: PINHEIROS | L81: 45711 | M81: 45711 | N81: 3781.04 | O81: 3923.1 | P81: 44 | Q81: 89.16 | R81: 46076 | S81: 46076 | T81: =O82*$AA$1 -> 2065.536 | U81: =C81 -> 2960.8 | V81: =U81/Y81 -> 98.693333 | W81: =U81-T81 -> 895.264 | X81: =P81*$AA$1 -> 48.4 | Y81: =D81 -> 30 | Z81: =Y81-X81 -> -18.4
A82: 46078 | B82: PINHEIROS | C82: 3936.02 | D82: 33 | E82: 26.99 | F82: 2 | G82: 7 | H82: 0.2918 | I82: Sao Paulo | K82: PINHEIROS | L82: 45712 | M82: 45712 | N82: 1770.21 | O82: 1877.76 | P82: 20 | Q82: 93.89 | R82: 46077 | S82: 46077 | T82: =O83*$AA$1 -> 2781.174 | U82: =C82 -> 3936.02 | V82: =U82/Y82 -> 119.27333 | W82: =U82-T82 -> 1154.846 | X82: =P82*$AA$1 -> 22 | Y82: =D82 -> 33 | Z82: =Y82-X82 -> 11
A83: 46079 | B83: PINHEIROS | C83: 2858.66 | D83: 31 | E83: 26.07 | F83: 3 | G83: 6.25 | H83: 0.2443 | I83: Sao Paulo | K83: PINHEIROS | L83: 45713 | M83: 45713 | N83: 2414.03 | O83: 2528.34 | P83: 27 | Q83: 93.64 | R83: 46078 | S83: 46078 | T83: =O84*$AA$1 -> 3030.588 | U83: =C83 -> 2858.66 | V83: =U83/Y83 -> 92.214839 | W83: =U83-T83 -> -171.928 | X83: =P83*$AA$1 -> 29.7 | Y83: =D83 -> 31 | Z83: =Y83-X83 -> 1.3
A84: 46080 | B84: PINHEIROS | C84: 7084.19 | D84: 82 | E84: 27.29 | F84: 3 | G84: 10.16 | H84: 0.3274 | I84: Sao Paulo | K84: PINHEIROS | L84: 45714 | M84: 45714 | N84: 2707.28 | O84: 2755.08 | P84: 31 | Q84: 88.87 | R84: 46079 | S84: 46079 | T84: =O85*$AA$1 -> 6940.879 | U84: =C84 -> 7084.19 | V84: =U84/Y84 -> 86.392561 | W84: =U84-T84 -> 143.311 | X84: =P84*$AA$1 -> 34.1 | Y84: =D84 -> 82 | Z84: =Y84-X84 -> 47.9
A85: 46081 | B85: PINHEIROS | C85: 8921.73 | D85: 92 | E85: 28.54 | F85: 3 | G85: 13.2 | H85: 0.2941 | I85: Sao Paulo | K85: PINHEIROS | L85: 45715 | M85: 45715 | N85: 6307.65 | O85: 6309.89 | P85: 67 | Q85: 94.18 | R85: 46080 | S85: 46080 | T85: =O86*$AA$1 -> 6428.444 | U85: =C86 -> 6418.28 | V85: =U85/Y85 -> 106.97133 | W85: =U85-T85 -> -10.164 | X85: =P85*$AA$1 -> 73.7 | Y85: =D86 -> 60 | Z85: =Y85-X85 -> -13.7
A86: 46082 | B86: PINHEIROS | C86: 6418.28 | D86: 60 | E86: 27.01 | F86: 6 | G86: 10.6 | H86: 0.2629 | I86: Sao Paulo | K86: PINHEIROS | L86: 45716 | M86: 45716 | N86: 5736.15 | O86: 5844.04 | P86: 67 | Q86: 87.22 | R86: 46081 | S86: 46081 | T86: =O88*$AA$1 -> 6851.02 | U86: =C87 -> 2062.8 | V86: =U86/Y86 -> 93.763636 | W86: =U86-T86 -> -4788.22 | X86: =P86*$AA$1 -> 73.7 | Y86: =D87 -> 22 | Z86: =Y86-X86 -> -51.7
A87: 46083 | B87: PINHEIROS | C87: 2062.8 | D87: 22 | E87: 24.57 | F87: 0 | G87: 8.5 | H87: 0.3498 | I87: Sao Paulo | K87: FEVEREIRO | N87: =SUM(N59:N86) -> 106900.7 | O87: =SUM(O59:O86) -> 109150.84 | P87: =SUM(P59:P86) -> 1181 | Q87: =O87/P87 -> 92.422388 | R87: TOTAL | T87: =O87*$AA$1 -> 120065.92 | U87: =SUM(U59:U86) -> 132663.84 | V87: =U87/Y87 -> 96.623336 | W87: =SUM(W59:W86) -> 10076.892 | X87: =P87*$AA$1 -> 1299.1 | Y87: =SUM(Y59:Y86) -> 1373 | Z87: =Y87-X87 -> 73.9
A88: 46084 | B88: PINHEIROS | C88: 3671.98 | D88: 36 | E88: 23.52 | F88: 0 | G88: 7.25 | H88: 0.2814 | I88: Sao Paulo | K88: PINHEIROS | L88: 45717 | M88: 45717 | N88: 5839 | O88: 6228.2 | P88: 76 | Q88: 81.95 | R88: 46082 | S88: 46082 | T88: =O89*$AA$1 -> 4433.55 | U88: =C86 -> 6418.28 | V88: =U88/Y88 -> 106.97133 | W88: =U88-T88 -> 1984.73 | X88: =P89*$AA$1 -> 47.3 | Y88: =D86 -> 60 | Z88: =Y88-X88 -> 12.7
A89: 46085 | B89: PINHEIROS | C89: 5010.08 | D89: 51 | E89: 30.04 | F89: 5 | G89: 11.5 | H89: 0.314 | I89: Sao Paulo | K89: PINHEIROS | L89: 45718 | M89: 45718 | N89: 3669.1 | O89: 4030.5 | P89: 43 | Q89: 93.73 | R89: 46083 | S89: 46083 | T89: =O90*$AA$1 -> 6427.058 | U89: =C87 -> 2062.8 | V89: =U89/Y89 -> 93.763636 | W89: =U89-T89 -> -4364.258 | X89: =P90*$AA$1 -> 67.1 | Y89: =D87 -> 22 | Z89: =Y89-X89 -> -45.1
A90: 46086 | B90: PINHEIROS | C90: 3464.81 | D90: 22 | E90: 25.18 | F90: 1 | G90: 5.25 | H90: 0.2808 | I90: Sao Paulo | K90: PINHEIROS | L90: 45719 | M90: 45719 | N90: 5495.28 | O90: 5842.78 | P90: 61 | Q90: 95.78 | R90: 46084 | S90: 46084 | T90: =O91*$AA$1 -> 2708.673 | U90: =C88 -> 3671.98 | V90: =U90/Y90 -> 101.99944 | W90: =U90-T90 -> 963.307 | X90: =P91*$AA$1 -> 33 | Y90: =D88 -> 36 | Z90: =Y90-X90 -> 3
A91: 46087 | B91: PINHEIROS | C91: 7539.2 | D91: 78 | E91: 33.49 | F91: 6 | G91: 12.2 | H91: 0.2946 | I91: Sao Paulo | K91: PINHEIROS | L91: 45720 | M91: 45720 | N91: 2309.53 | O91: 2462.43 | P91: 30 | Q91: 82.08 | R91: 46085 | S91: 46085 | T91: =O92*$AA$1 -> 3936.559 | U91: =C89 -> 5010.08 | V91: =U91/Y91 -> 98.236863 | W91: =U91-T91 -> 1073.521 | X91: =P92*$AA$1 -> 40.7 | Y91: =D89 -> 51 | Z91: =Y91-X91 -> 10.3
A92: 46088 | B92: PINHEIROS | C92: 7186.5 | D92: 73 | E92: 24.32 | F92: 0 | G92: 9.5 | H92: 0.2652 | I92: Sao Paulo | K92: PINHEIROS | L92: 45721 | M92: 45721 | N92: 3384.09 | O92: 3578.69 | P92: 37 | Q92: 96.72 | R92: 46086 | S92: 46086 | T92: =O93*$AA$1 -> 11344.212 | U92: =C90 -> 3464.81 | V92: =U92/Y92 -> 157.49136 | W92: =U92-T92 -> -7879.402 | X92: =P93*$AA$1 -> 135.3 | Y92: =D90 -> 22 | Z92: =Y92-X92 -> -113.3
A93: 46089 | B93: PINHEIROS | C93: 6772.63 | D93: 61 | E93: 29.92 | F93: 6 | G93: 11.2 | H93: 0.2954 | I93: Sao Paulo | K93: PINHEIROS | L93: 45722 | M93: 45722 | N93: 9812.52 | O93: 10312.92 | P93: 123 | Q93: 96.38 | R93: 46087 | S93: 46087 | T93: =O94*$AA$1 -> 11831.666 | U93: =C91 -> 7539.2 | V93: =U93/Y93 -> 96.65641 | W93: =U93-T93 -> -4292.466 | X93: =P94*$AA$1 -> 160.6 | Y93: =D91 -> 78 | Z93: =Y93-X93 -> -82.6
A94: 46090 | B94: PINHEIROS | C94: 2974.2 | D94: 26 | E94: 25.2 | F94: 1 | G94: 11.5 | H94: 0.3441 | I94: Sao Paulo | K94: PINHEIROS | L94: 45723 | M94: 45723 | N94: 9977.66 | O94: 10756.06 | P94: 146 | Q94: 89.63 | R94: 46088 | S94: 46088 | T94: =O95*$AA$1 -> 6765.616 | U94: =C92 -> 7186.5 | V94: =U94/Y94 -> 98.445205 | W94: =U94-T94 -> 420.884 | X94: =P95*$AA$1 -> 73.7 | Y94: =D92 -> 73 | Z94: =Y94-X94 -> -0.7
A95: 46091 | B95: PINHEIROS | C95: 3607.5 | D95: 37 | E95: 22.36 | F95: 1 | G95: =30/6 -> 5 | H95: 0.3688 | I95: Sao Paulo | K95: PINHEIROS | L95: 45724 | M95: 45724 | N95: 5691.86 | O95: 6150.56 | P95: 67 | Q95: 91.8 | R95: 46089 | S95: 46089 | T95: =O96*$AA$1 -> 3583.668 | U95: =C93 -> 6772.63 | V95: =U95/Y95 -> 111.02672 | W95: =U95-T95 -> 3188.962 | X95: =P96*$AA$1 -> 40.7 | Y95: =D93 -> 61 | Z95: =Y95-X95 -> 20.3
A96: 46092 | B96: PINHEIROS | C96: 1502.93 | D96: 19 | E96: 21.25 | F96: 0 | G96: 5 | H96: 0.3219 | I96: Sao Paulo | J96: não teve abertura | K96: PINHEIROS | L96: 45725 | M96: 45725 | N96: 3035.48 | O96: 3257.88 | P96: 37 | Q96: 88.05 | R96: 46090 | S96: 46090 | T96: =O97*$AA$1 -> 5100.7 | U96: =C94 -> 2974.2 | V96: =U96/Y96 -> 114.39231 | W96: =U96-T96 -> -2126.5 | X96: =P97*$AA$1 -> 49.5 | Y96: =D94 -> 26 | Z96: =Y96-X96 -> -23.5
A97: 46093 | B97: PINHEIROS | C97: 3481.28 | D97: 33 | E97: 22.32 | F97: 0 | G97: 9.66 | H97: 0.2859 | I97: Sao Paulo | J97: não teve abertura | K97: PINHEIROS | L97: 45726 | M97: 45726 | N97: 4345.1 | O97: 4637 | P97: 45 | Q97: 103.04 | R97: 46091 | S97: 46091 | T97: =O98*$AA$1 -> 7599.328 | U97: =C95 -> 3607.5 | V97: =U97/Y97 -> 97.5 | W97: =U97-T97 -> -3991.828 | X97: =P98*$AA$1 -> 51.7 | Y97: =D95 -> 37 | Z97: =Y97-X97 -> -14.7
A98: 46094 | B98: PINHEIROS | C98: 5998.07 | D98: 60 | E98: 21.07 | F98: 2 | G98: 10.6 | H98: 0.3206 | I98: Sao Paulo | J98: não teve madrugada | K98: PINHEIROS | L98: 45727 | M98: 45727 | N98: 6533.18 | O98: 6908.48 | P98: 47 | Q98: 146.99 | R98: 46092 | S98: 46092 | T98: =O99*$AA$1 -> 4240.929 | U98: =C96 -> 1502.93 | V98: =U98/Y98 -> 79.101579 | W98: =U98-T98 -> -2737.999 | X98: =P99*$AA$1 -> 45.1 | Y98: =D96 -> 19 | Z98: =Y98-X98 -> -26.1
A99: 46095 | B99: PINHEIROS | C99: 8289.59 | D99: 94 | E99: 27.85 | F99: 4 | G99: 7.42 | H99: 0.3254 | I99: Sao Paulo | K99: PINHEIROS | L99: 45728 | M99: 45728 | N99: 3577.39 | O99: 3855.39 | P99: 41 | Q99: 94.03 | R99: 46093 | S99: 46093 | T99: =O100*$AA$1 -> 5147.934 | U99: =C97 -> 3481.28 | V99: =U99/Y99 -> 105.49333 | W99: =U99-T99 -> -1666.654 | X99: =P100*$AA$1 -> 38.5 | Y99: =D97 -> 33 | Z99: =Y99-X99 -> -5.5
A100: 46096 | B100: PINHEIROS | C100: 7355.98 | D100: 72 | E100: 29.55 | F100: 7 | G100: 15 | H100: 0.3123 | I100: Sao Paulo | K100: PINHEIROS | L100: 45729 | M100: 45729 | N100: 4417.23 | O100: 4679.94 | P100: 35 | Q100: 133.71 | R100: 46094 | S100: 46094 | T100: =O101*$AA$1 -> 5044.567 | U100: =C98 -> 5998.07 | V100: =U100/Y100 -> 99.967833 | W100: =U100-T100 -> 953.503 | X100: =P101*$AA$1 -> 34.1 | Y100: =D98 -> 60 | Z100: =Y100-X100 -> 25.9
A101: 46097 | B101: PINHEIROS | C101: 3355.3 | D101: 27 | E101: 21.99 | F101: 0 | G101: 11.5 | H101: 0.3496 | I101: Sao Paulo | K101: PINHEIROS | L101: 45730 | M101: 45730 | N101: 4344.11 | O101: 4585.97 | P101: 31 | Q101: 147.93 | R101: 46095 | S101: 46095 | T101: =O102*$AA$1 -> 4941.189 | U101: =C99 -> 8289.59 | V101: =U101/Y101 -> 88.187128 | W101: =U101-T101 -> 3348.401 | X101: =P102*$AA$1 -> 28.6 | Y101: =D99 -> 94 | Z101: =Y101-X101 -> 65.4
...

Sheet Página21

Sheet AEROPORTO
A1: DATA | B1: OPERAÇÃO | C1: SSS (R$) | D1: SSO (UN) | E1: ADT (MIN) | F1: EXTREMO (UN) | G1: ENTREGAS/MOTOBOY | H1: CMV | I1: LOCALIZAÇÃO | J1: OBS | K1: LOJA | L1: DATA | M1: DIA SEMANA | N1: FATURAMENTO | O1: TC | P1: DATA | Q1: DIA SEMANA | R1: TM | S1: FAT ORÇADO | T1: REALIZADO | U1: TM | V1: GAP | W1: TC ORÇADO | X1: REALIZADO | Y1: VAR | Z1: 1.2 | AA1: 1.1
A2: 45998 | B2: AEROPORTO GRU | C2: 9990.5 | D2: 142 | I2: Sao Paulo
A3: 45999 | B3: AEROPORTO GRU | C3: 11851.75 | D3: 174 | I3: Sao Paulo
A4: 46000 | B4: AEROPORTO GRU | C4: 9523 | D4: 147 | I4: Sao Paulo
A5: 46001 | B5: AEROPORTO GRU | C5: 7372.25 | D5: 119 | I5: Sao Paulo
A6: 46002 | B6: AEROPORTO GRU | C6: 9333.9 | D6: 141 | I6: Sao Paulo
A7: 46003 | B7: AEROPORTO GRU | C7: 9177.25 | D7: 152 | I7: Sao Paulo
A8: 46004 | B8: AEROPORTO GRU | C8: 8731.5 | D8: 134 | I8: Sao Paulo
A9: 46005 | B9: AEROPORTO GRU | C9: 9782.75 | D9: 131 | I9: Sao Paulo
A10: 46006 | B10: AEROPORTO GRU | C10: 9544.75 | D10: 147 | I10: Sao Paulo
A11: 46007 | B11: AEROPORTO GRU | C11: 10752.5 | D11: 176 | I11: Sao Paulo
A12: 46008 | B12: AEROPORTO GRU | C12: 6946.75 | D12: 113 | I12: Sao Paulo
A13: 46009 | B13: AEROPORTO GRU | C13: 9577.5 | D13: 151 | I13: Sao Paulo
... A25: 46021 | B25: AEROPORTO GRU | C25: 11869 | D25: 166 | I25: Sao Paulo
A26: 46022 | B26: AEROPORTO GRU | C26: 6837.5 | D26: 101 | I26: Sao Paulo | K26: UNIDADE | L26: DATA | N26: FAT | O26: TC | P26: DATA | R26: TM | S26: FAT ORÇADO | T26: REALIZADO | U26: TM | V26: GAP | W26: TC ORÇADO | X26: REALIZADO | Y26: VAR | AA26: BASE | AB26: 1.1
A27: 46023 | B27: AEROPORTO GRU | C27: 7677.75 | D27: 104 | I27: Sao Paulo | K27: AEROPORTO GUARULHOS | L27: 45658 | M27: =L27 -> 45658 | N27: 8793.89 | O27: 146 | P27: =A27 -> 46023 | Q27: =P27 -> 46023 | R27: =N27/O27 -> 60.232123 | S27: =N28*$Z$1 -> 10552.668 | T27: =C27 -> 7677.75 | U27: =T27/X27 -> 73.824519 | V27: =T27-S27 -> -2874.918 | W27: =O27*$Z$1 -> 175.2 | X27: =D27 -> 104 | Y27: =X27-W27 -> -71.2
A28: 46024 | B28: AEROPORTO GRU | C28: 7949.75 | D28: 116 | I28: Sao Paulo | K28: AEROPORTO GUARULHOS | L28: 45659 | M28: =L28 -> 45659 | N28: 8793.89 | O28: 146 | P28: =A28 -> 46024 | Q28: =P28 -> 46024 | R28: =N28/O28 -> 60.232123 | S28: =N29*$Z$1 -> 10552.668 | T28: =C28 -> 7949.75 | U28: =T28/X28 -> 68.532328 | V28: =T28-S28 -> -2602.918 | W28: =O28*$Z$1 -> 175.2 | X28: =D28 -> 116 | Y28: =X28-W28 -> -59.2
A29: 46025 | B29: AEROPORTO GRU | C29: 10156.5 | D29: 136 | I29: Sao Paulo | K29: AEROPORTO GUARULHOS | L29: 45660 | M29: =L29 -> 45660 | N29: 8793.89 | O29: 146 | P29: =A29 -> 46025 | Q29: =P29 -> 46025 | R29: =N29/O29 -> 60.232123 | S29: =N30*$Z$1 -> 10552.668 | T29: =C29 -> 10156.5 | U29: =T29/X29 -> 74.680147 | V29: =T29-S29 -> -396.168 | W29: =O29*$Z$1 -> 175.2 | X29: =D29 -> 136 | Y29: =X29-W29 -> -39.2
A30: 46026 | B30: AEROPORTO GRU | C30: 11024 | D30: 149 | I30: Sao Paulo | K30: AEROPORTO GUARULHOS | L30: 45661 | M30: =L30 -> 45661 | N30: 8793.89 | O30: 146 | P30: =A30 -> 46026 | Q30: =P30 -> 46026 | R30: =N30/O30 -> 60.232123 | S30: =N31*$Z$1 -> 10552.668 | T30: =C30 -> 11024 | U30: =T30/X30 -> 73.986577 | V30: =T30-S30 -> 471.332 | W30: =O30*$Z$1 -> 175.2 | X30: =D30 -> 149 | Y30: =X30-W30 -> -26.2
A31: 46027 | B31: AEROPORTO GRU | C31: 9432.25 | D31: 149 | I31: Sao Paulo | K31: AEROPORTO GUARULHOS | L31: 45662 | M31: =L31 -> 45662 | N31: 8793.89 | O31: 146 | P31: =A31 -> 46027 | Q31: =P31 -> 46027 | R31: =N31/O31 -> 60.232123 | S31: =N32*$Z$1 -> 10552.668 | T31: =C31 -> 9432.25 | U31: =T31/X31 -> 63.303691 | V31: =T31-S31 -> -1120.418 | W31: =O31*$Z$1 -> 175.2 | X31: =D31 -> 149 | Y31: =X31-W31 -> -26.2
A32: 46028 | B32: AEROPORTO GRU | C32: 8940.25 | D32: 115 | I32: Sao Paulo | K32: AEROPORTO GUARULHOS | L32: 45663 | M32: =L32 -> 45663 | N32: 8793.89 | O32: 146 | P32: =A32 -> 46028 | Q32: =P32 -> 46028 | R32: =N32/O32 -> 60.232123 | S32: =N33*$Z$1 -> 10552.668 | T32: =C32 -> 8940.25 | U32: =T32/X32 -> 77.741304 | V32: =T32-S32 -> -1612.418 | W32: =O32*$Z$1 -> 175.2 | X32: =D32 -> 115 | Y32: =X32-W32 -> -60.2
A33: 46029 | B33: AEROPORTO GRU | C33: 7770.25 | D33: 113 | I33: Sao Paulo | K33: AEROPORTO GUARULHOS | L33: 45664 | M33: =L33 -> 45664 | N33: 8793.89 | O33: 146 | P33: =A33 -> 46029 | Q33: =P33 -> 46029 | R33: =N33/O33 -> 60.232123 | S33: =N34*$Z$1 -> 10552.668 | T33: =C33 -> 7770.25 | U33: =T33/X33 -> 68.763274 | V33: =T33-S33 -> -2782.418 | W33: =O33*$Z$1 -> 175.2 | X33: =D33 -> 113 | Y33: =X33-W33 -> -62.2
A34: 46030 | B34: AEROPORTO GRU | C34: 9236.15 | D34: 140 | I34: Sao Paulo | K34: AEROPORTO GUARULHOS | L34: 45665 | M34: =L34 -> 45665 | N34: 8793.89 | O34: 146 | P34: =A34 -> 46030 | Q34: =P34 -> 46030 | R34: =N34/O34 -> 60.232123 | S34: =N35*$Z$1 -> 10552.668 | T34: =C34 -> 9236.15 | U34: =T34/X34 -> 65.9725 | V34: =T34-S34 -> -1316.518 | W34: =O34*$Z$1 -> 175.2 | X34: =D34 -> 140 | Y34: =X34-W34 -> -35.2
A35: 46031 | B35: AEROPORTO GRU | C35: 9765.65 | D35: 131 | I35: Sao Paulo | K35: AEROPORTO GUARULHOS | L35: 45666 | M35: =L35 -> 45666 | N35: 8793.89 | O35: 146 | P35: =A35 -> 46031 | Q35: =P35 -> 46031 | R35: =N35/O35 -> 60.232123 | S35: =N36*$Z$1 -> 10552.668 | T35: =C35 -> 9765.65 | U35: =T35/X35 -> 74.546947 | V35: =T35-S35 -> -787.018 | W35: =O35*$Z$1 -> 175.2 | X35: =D35 -> 131 | Y35: =X35-W35 -> -44.2
